text,label,sentiment,text_length,text_cleaned
买回来用了几天，手表的颜色确实好。,1,正面,17,买回来用了几天，手表的颜色确实好。
衣服的尺寸真的是太差了，一次糟糕的购物体验。,0,负面,22,衣服的尺寸真的是太差了，一次糟糕的购物体验。
客服态度差，充电宝的功能也有问题，体验很差。,0,负面,22,客服态度差，充电宝的功能也有问题，体验很差。
用了没几天充电宝的物流就出问题了，差评。,0,负面,20,用了没几天充电宝的物流就出问题了，差评。
这个手机的物流超出了我的预期，很惊喜。,1,正面,19,这个手机的物流超出了我的预期，很惊喜。
水杯的做工真的是太差了，一次糟糕的购物体验。,0,负面,22,水杯的做工真的是太差了，一次糟糕的购物体验。
用了没几天鞋子的尺寸就出问题了，差评。，不推荐！,0,负面,24,用了没几天鞋子的尺寸就出问题了，差评。，不推荐！
第二次回购了，书包的材质一如既往的好。,1,正面,19,第二次回购了，书包的材质一如既往的好。
收到台灯了，做工很差，申请退货中。,0,负面,17,收到台灯了，做工很差，申请退货中。
这个价钱买到这么好的台灯，质量还这么好，太值了。,1,正面,24,这个价钱买到这么好的台灯，质量还这么好，太值了。
收到耳机了，做工比想象中好，颜色也好看。,1,正面,20,收到耳机了，做工比想象中好，颜色也好看。
用了没几天鞋子的材质就出问题了，差评。,0,负面,19,用了没几天鞋子的材质就出问题了，差评。
鞋子的功能很好，做工精细，很喜欢。,1,正面,17,鞋子的功能很好，做工精细，很喜欢。
书包物流很好，很满意！,1,正面,11,书包物流很好，很满意！
买回来就发现鞋子的客服有问题，很失望。！建议大家参考。,0,负面,27,买回来就发现鞋子的客服有问题，很失望。！建议大家参考。
充电宝的包装很好，做工精细，很喜欢。,1,正面,18,充电宝的包装很好，做工精细，很喜欢。
性价比很高的电脑，客服没让我失望。,1,正面,17,性价比很高的电脑，客服没让我失望。
台灯的物流太差了，非常后悔。,0,负面,14,台灯的物流太差了，非常后悔。
买回来用了几天，充电宝的颜色确实好。,1,正面,18,买回来用了几天，充电宝的颜色确实好。
收到手表了，包装比想象中好，颜色也好看。,1,正面,20,收到手表了，包装比想象中好，颜色也好看。
手表的尺寸真的是太差了，一次糟糕的购物体验。,0,负面,22,手表的尺寸真的是太差了，一次糟糕的购物体验。
用了没几天充电宝的质量就出问题了，差评。。,0,负面,21,用了没几天充电宝的质量就出问题了，差评。。
客服态度差，水杯的物流也有问题，体验很差。,0,负面,21,客服态度差，水杯的物流也有问题，体验很差。
这个手表的做工不行，建议大家别买。,0,负面,17,这个手表的做工不行，建议大家别买。
手表的材质很好，做工精细，很喜欢。,1,正面,17,手表的材质很好，做工精细，很喜欢。
收到耳机了，材质很差，申请退货中。,0,负面,17,收到耳机了，材质很差，申请退货中。
对比了好几家才选的这家，电脑的客服确实好。,1,正面,21,对比了好几家才选的这家，电脑的客服确实好。
物流慢也就算了，鞋子的材质还这么差，差评。！建议大家参考。,0,负面,29,物流慢也就算了，鞋子的材质还这么差，差评。！建议大家参考。
收到充电宝了，质量比想象中好，颜色也好看。！建议大家参考。,1,正面,29,收到充电宝了，质量比想象中好，颜色也好看。！建议大家参考。
鞋子客服很好，很满意！,1,正面,11,鞋子客服很好，很满意！
性价比很高的衣服，价格没让我失望。，不推荐！,1,正面,22,性价比很高的衣服，价格没让我失望。，不推荐！
给家人买的鞋子，他们说包装很好。,1,正面,16,给家人买的鞋子，他们说包装很好。
对比了好几家才选的这家，台灯的客服确实好。,1,正面,21,对比了好几家才选的这家，台灯的客服确实好。
退货了，充电宝的颜色完全不能用，浪费时间。,0,负面,21,退货了，充电宝的颜色完全不能用，浪费时间。
水杯的价格很好，做工精细，很喜欢。,1,正面,17,水杯的价格很好，做工精细，很喜欢。
这个价钱买到这么好的电脑，外观还这么好，太值了。,1,正面,24,这个价钱买到这么好的电脑，外观还这么好，太值了。
再也不在这家买了，充电宝的做工太让人失望了。,0,负面,22,再也不在这家买了，充电宝的做工太让人失望了。
收到鞋子了，客服比想象中好，颜色也好看。,1,正面,20,收到鞋子了，客服比想象中好，颜色也好看。
用了没几天书包的功能就出问题了，差评。,0,负面,19,用了没几天书包的功能就出问题了，差评。
太坑了，手机的质量和描述完全不一样。,0,负面,18,太坑了，手机的质量和描述完全不一样。
买回来就发现电脑的颜色有问题，很失望。,0,负面,19,买回来就发现电脑的颜色有问题，很失望。
手机的质量太差了，非常后悔。,0,负面,14,手机的质量太差了，非常后悔。
耳机物流很好，很满意！！,1,正面,12,耳机物流很好，很满意！！
收到书包了，颜色很差，申请退货中。,0,负面,17,收到书包了，颜色很差，申请退货中。
性价比很高的水杯，客服没让我失望。,1,正面,17,性价比很高的水杯，客服没让我失望。
再也不在这家买了，书包的包装太让人失望了。,0,负面,21,再也不在这家买了，书包的包装太让人失望了。
衣服的功能很好，做工精细，很喜欢。,1,正面,17,衣服的功能很好，做工精细，很喜欢。
鞋子的材质很好，做工精细，很喜欢。,1,正面,17,鞋子的材质很好，做工精细，很喜欢。
买回来用了几天，手机的客服确实好。,1,正面,17,买回来用了几天，手机的客服确实好。
衣服的外观超出预期，值得购买。,1,正面,15,衣服的外观超出预期，值得购买。
手机的物流太差了，非常后悔。,0,负面,14,手机的物流太差了，非常后悔。
收到电脑了，颜色比想象中好，颜色也好看。,1,正面,20,收到电脑了，颜色比想象中好，颜色也好看。
鞋子质量很棒，价格也合理，好评。，不推荐！,1,正面,21,鞋子质量很棒，价格也合理，好评。，不推荐！
手机的功能太差了，非常后悔。，推荐！,0,负面,18,手机的功能太差了，非常后悔。，推荐！
鞋子的外观很好，做工精细，很喜欢。,1,正面,17,鞋子的外观很好，做工精细，很喜欢。
再也不在这家买了，充电宝的颜色太让人失望了。,0,负面,22,再也不在这家买了，充电宝的颜色太让人失望了。
这个价钱买到这么好的手表，客服还这么好，太值了。,1,正面,24,这个价钱买到这么好的手表，客服还这么好，太值了。
性价比很高的台灯，价格没让我失望。,1,正面,17,性价比很高的台灯，价格没让我失望。
退货了，台灯的功能完全不能用，浪费时间。,0,负面,20,退货了，台灯的功能完全不能用，浪费时间。
买回来就发现水杯的质量有问题，很失望。,0,负面,19,买回来就发现水杯的质量有问题，很失望。
太坑了，手机的物流和描述完全不一样。！建议大家参考。,0,负面,26,太坑了，手机的物流和描述完全不一样。！建议大家参考。
这个台灯的尺寸很差，和图片上的完全不一样。！建议大家参考。,0,负面,29,这个台灯的尺寸很差，和图片上的完全不一样。！建议大家参考。
被图片骗了，实际衣服的做工很差，不值这个价。,0,负面,22,被图片骗了，实际衣服的做工很差，不值这个价。
好评！手表的功能很好，客服态度也好。！,1,正面,19,好评！手表的功能很好，客服态度也好。！
水杯价格很差，根本不值这个价。,0,负面,15,水杯价格很差，根本不值这个价。
这个水杯的做工真的不行，不如实体店买。,0,负面,19,这个水杯的做工真的不行，不如实体店买。
台灯的客服真的是太差了，一次糟糕的购物体验。,0,负面,22,台灯的客服真的是太差了，一次糟糕的购物体验。
买回来就发现书包的做工有问题，很失望。,0,负面,19,买回来就发现书包的做工有问题，很失望。
充电宝的做工太差了，非常后悔。,0,负面,15,充电宝的做工太差了，非常后悔。
太坑了，鞋子的颜色和描述完全不一样。,0,负面,18,太坑了，鞋子的颜色和描述完全不一样。
这个水杯的价格超出了我的预期，很惊喜。,1,正面,19,这个水杯的价格超出了我的预期，很惊喜。
收到手机了，颜色很差，申请退货中。,0,负面,17,收到手机了，颜色很差，申请退货中。
客服态度差，水杯的做工也有问题，体验很差。，推荐！,0,负面,25,客服态度差，水杯的做工也有问题，体验很差。，推荐！
收到电脑了，价格很差，申请退货中。,0,负面,17,收到电脑了，价格很差，申请退货中。
好评！水杯的价格很好，客服态度也好。,1,正面,18,好评！水杯的价格很好，客服态度也好。
被图片骗了，实际充电宝的材质很差，不值这个价。，推荐！,0,负面,27,被图片骗了，实际充电宝的材质很差，不值这个价。，推荐！
用了没几天水杯的价格就出问题了，差评。,0,负面,19,用了没几天水杯的价格就出问题了，差评。
台灯的功能很好，物流也快，五星好评。,1,正面,18,台灯的功能很好，物流也快，五星好评。
对比了好几家才选的这家，电脑的做工确实好。,1,正面,21,对比了好几家才选的这家，电脑的做工确实好。
性价比很高的台灯，质量没让我失望。,1,正面,17,性价比很高的台灯，质量没让我失望。
买回来就发现手表的质量有问题，很失望。,0,负面,19,买回来就发现手表的质量有问题，很失望。
给家人买的衣服，他们说颜色很好。,1,正面,16,给家人买的衣服，他们说颜色很好。
给家人买的充电宝，他们说材质很好。,1,正面,17,给家人买的充电宝，他们说材质很好。
水杯质量很差，根本不值这个价。,0,负面,15,水杯质量很差，根本不值这个价。
这个书包的包装很差，和图片上的完全不一样。，推荐！,0,负面,25,这个书包的包装很差，和图片上的完全不一样。，推荐！
再也不在这家买了，手机的价格太让人失望了。,0,负面,21,再也不在这家买了，手机的价格太让人失望了。
充电宝的价格很好，物流也快，五星好评。，不推荐！,1,正面,24,充电宝的价格很好，物流也快，五星好评。，不推荐！
这个台灯的材质真的不行，不如实体店买。,0,负面,19,这个台灯的材质真的不行，不如实体店买。
书包的功能太差了，非常后悔。。,0,负面,15,书包的功能太差了，非常后悔。。
充电宝的物流很好，物流也快，五星好评。,1,正面,19,充电宝的物流很好，物流也快，五星好评。
用了没几天台灯的功能就出问题了，差评。,0,负面,19,用了没几天台灯的功能就出问题了，差评。
买回来就发现手表的颜色有问题，很失望。,0,负面,19,买回来就发现手表的颜色有问题，很失望。
这个价钱买到这么好的耳机，包装还这么好，太值了。,1,正面,24,这个价钱买到这么好的耳机，包装还这么好，太值了。
充电宝外观很棒，价格也合理，好评。。,1,正面,18,充电宝外观很棒，价格也合理，好评。。
用了没几天手机的包装就出问题了，差评。,0,负面,19,用了没几天手机的包装就出问题了，差评。
水杯的物流超出预期，值得购买。,1,正面,15,水杯的物流超出预期，值得购买。
这个衣服的外观不错，推荐给大家。,1,正面,16,这个衣服的外观不错，推荐给大家。
衣服的物流超出预期，值得购买。,1,正面,15,衣服的物流超出预期，值得购买。
这个台灯的质量真的不行，不如实体店买。,0,负面,19,这个台灯的质量真的不行，不如实体店买。
性价比很高的书包，客服没让我失望。,1,正面,17,性价比很高的书包，客服没让我失望。
好评！书包的价格很好，客服态度也好。,1,正面,18,好评！书包的价格很好，客服态度也好。
衣服的物流很好，做工精细，很喜欢。,1,正面,17,衣服的物流很好，做工精细，很喜欢。
买回来用了几天，充电宝的功能确实好。,1,正面,18,买回来用了几天，充电宝的功能确实好。
这个鞋子的做工超出了我的预期，很惊喜。,1,正面,19,这个鞋子的做工超出了我的预期，很惊喜。
这个手机的尺寸真的不行，不如实体店买。,0,负面,19,这个手机的尺寸真的不行，不如实体店买。
台灯包装很好，很满意！,1,正面,11,台灯包装很好，很满意！
物流慢也就算了，书包的材质还这么差，差评。,0,负面,21,物流慢也就算了，书包的材质还这么差，差评。
这个衣服的颜色真的不行，不如实体店买。,0,负面,19,这个衣服的颜色真的不行，不如实体店买。
手机功能很差，根本不值这个价。,0,负面,15,手机功能很差，根本不值这个价。
鞋子物流很好，很满意！,1,正面,11,鞋子物流很好，很满意！
这个充电宝的材质很差，和图片上的完全不一样。,0,负面,22,这个充电宝的材质很差，和图片上的完全不一样。
退货了，充电宝的颜色完全不能用，浪费时间。，不推荐！,0,负面,26,退货了，充电宝的颜色完全不能用，浪费时间。，不推荐！
用了没几天书包的物流就出问题了，差评。,0,负面,19,用了没几天书包的物流就出问题了，差评。
退货了，电脑的客服完全不能用，浪费时间。,0,负面,20,退货了，电脑的客服完全不能用，浪费时间。
这个鞋子的包装真的不行，不如实体店买。,0,负面,19,这个鞋子的包装真的不行，不如实体店买。
手机的做工超出预期，值得购买。,1,正面,15,手机的做工超出预期，值得购买。
这个价钱买到这么好的手机，功能还这么好，太值了。，推荐！,1,正面,28,这个价钱买到这么好的手机，功能还这么好，太值了。，推荐！
水杯的物流真的是太差了，一次糟糕的购物体验。,0,负面,22,水杯的物流真的是太差了，一次糟糕的购物体验。
再也不在这家买了，手表的客服太让人失望了。,0,负面,21,再也不在这家买了，手表的客服太让人失望了。
客服态度差，手表的做工也有问题，体验很差。，不推荐！,0,负面,26,客服态度差，手表的做工也有问题，体验很差。，不推荐！
第二次回购了，鞋子的功能一如既往的好。,1,正面,19,第二次回购了，鞋子的功能一如既往的好。
这个手机的颜色超出了我的预期，很惊喜。,1,正面,19,这个手机的颜色超出了我的预期，很惊喜。
收到台灯了，材质比想象中好，颜色也好看。,1,正面,20,收到台灯了，材质比想象中好，颜色也好看。
这个水杯的颜色不行，建议大家别买。,0,负面,17,这个水杯的颜色不行，建议大家别买。
台灯做工很好，很满意！,1,正面,11,台灯做工很好，很满意！
第二次回购了，水杯的材质一如既往的好。,1,正面,19,第二次回购了，水杯的材质一如既往的好。
充电宝的做工真的是太差了，一次糟糕的购物体验。，不推荐！,0,负面,28,充电宝的做工真的是太差了，一次糟糕的购物体验。，不推荐！
太坑了，水杯的包装和描述完全不一样。,0,负面,18,太坑了，水杯的包装和描述完全不一样。
鞋子的包装超出预期，值得购买。,1,正面,15,鞋子的包装超出预期，值得购买。
第二次回购了，耳机的质量一如既往的好。,1,正面,19,第二次回购了，耳机的质量一如既往的好。
电脑的做工很好，做工精细，很喜欢。,1,正面,17,电脑的做工很好，做工精细，很喜欢。
给家人买的电脑，他们说质量很好。！,1,正面,17,给家人买的电脑，他们说质量很好。！
退货了，台灯的做工完全不能用，浪费时间。,0,负面,20,退货了，台灯的做工完全不能用，浪费时间。
太坑了，电脑的材质和描述完全不一样。,0,负面,18,太坑了，电脑的材质和描述完全不一样。
手表做工很棒，价格也合理，好评。,1,正面,16,手表做工很棒，价格也合理，好评。
被图片骗了，实际水杯的客服很差，不值这个价。！建议大家参考。,0,负面,30,被图片骗了，实际水杯的客服很差，不值这个价。！建议大家参考。
买回来就发现衣服的材质有问题，很失望。,0,负面,19,买回来就发现衣服的材质有问题，很失望。
这个台灯的外观不错，推荐给大家。！建议大家参考。,1,正面,24,这个台灯的外观不错，推荐给大家。！建议大家参考。
充电宝材质很差，根本不值这个价。,0,负面,16,充电宝材质很差，根本不值这个价。
性价比很高的手表，做工没让我失望。！建议大家参考。,1,正面,25,性价比很高的手表，做工没让我失望。！建议大家参考。
对比了好几家才选的这家，手机的外观确实好。,1,正面,21,对比了好几家才选的这家，手机的外观确实好。
收到电脑了，包装比想象中好，颜色也好看。,1,正面,20,收到电脑了，包装比想象中好，颜色也好看。
这个价钱买到这么好的水杯，物流还这么好，太值了。,1,正面,24,这个价钱买到这么好的水杯，物流还这么好，太值了。
物流慢也就算了，电脑的物流还这么差，差评。,0,负面,21,物流慢也就算了，电脑的物流还这么差，差评。
客服态度差，电脑的颜色也有问题，体验很差。,0,负面,21,客服态度差，电脑的颜色也有问题，体验很差。
性价比很高的充电宝，外观没让我失望。,1,正面,18,性价比很高的充电宝，外观没让我失望。
第二次回购了，书包的包装一如既往的好。。,1,正面,20,第二次回购了，书包的包装一如既往的好。。
这个鞋子的客服很差，和图片上的完全不一样。，推荐！,0,负面,25,这个鞋子的客服很差，和图片上的完全不一样。，推荐！
这个书包的颜色超出了我的预期，很惊喜。,1,正面,19,这个书包的颜色超出了我的预期，很惊喜。
衣服功能很好，很满意！，不推荐！,1,正面,16,衣服功能很好，很满意！，不推荐！
这个衣服的价格真的不行，不如实体店买。,0,负面,19,这个衣服的价格真的不行，不如实体店买。
这个水杯的客服不行，建议大家别买。,0,负面,17,这个水杯的客服不行，建议大家别买。
再也不在这家买了，手机的做工太让人失望了。,0,负面,21,再也不在这家买了，手机的做工太让人失望了。
台灯的功能超出预期，值得购买。,1,正面,15,台灯的功能超出预期，值得购买。
用了没几天手机的物流就出问题了，差评。,0,负面,19,用了没几天手机的物流就出问题了，差评。
充电宝物流很好，很满意！,1,正面,12,充电宝物流很好，很满意！
这个台灯的价格不行，建议大家别买。,0,负面,17,这个台灯的价格不行，建议大家别买。
书包做工很棒，价格也合理，好评。,1,正面,16,书包做工很棒，价格也合理，好评。
好评！手表的包装很好，客服态度也好。,1,正面,18,好评！手表的包装很好，客服态度也好。
买回来用了几天，手机的外观确实好。,1,正面,17,买回来用了几天，手机的外观确实好。
这个书包的价格不错，推荐给大家。,1,正面,16,这个书包的价格不错，推荐给大家。
收到鞋子了，包装很差，申请退货中。。,0,负面,18,收到鞋子了，包装很差，申请退货中。。
台灯颜色很好，很满意！,1,正面,11,台灯颜色很好，很满意！
买回来用了几天，电脑的包装确实好。,1,正面,17,买回来用了几天，电脑的包装确实好。
再也不在这家买了，衣服的客服太让人失望了。,0,负面,21,再也不在这家买了，衣服的客服太让人失望了。
买回来用了几天，手机的颜色确实好。,1,正面,17,买回来用了几天，手机的颜色确实好。
耳机的包装超出预期，值得购买。,1,正面,15,耳机的包装超出预期，值得购买。
这个耳机的功能真的不行，不如实体店买。,0,负面,19,这个耳机的功能真的不行，不如实体店买。
买回来就发现耳机的功能有问题，很失望。！,0,负面,20,买回来就发现耳机的功能有问题，很失望。！
用了没几天衣服的质量就出问题了，差评。,0,负面,19,用了没几天衣服的质量就出问题了，差评。
水杯功能很好，很满意！。,1,正面,12,水杯功能很好，很满意！。
好评！鞋子的做工很好，客服态度也好。,1,正面,18,好评！鞋子的做工很好，客服态度也好。
这个价钱买到这么好的书包，做工还这么好，太值了。,1,正面,24,这个价钱买到这么好的书包，做工还这么好，太值了。
退货了，书包的质量完全不能用，浪费时间。,0,负面,20,退货了，书包的质量完全不能用，浪费时间。
水杯包装很棒，价格也合理，好评。,1,正面,16,水杯包装很棒，价格也合理，好评。
充电宝做工很棒，价格也合理，好评。,1,正面,17,充电宝做工很棒，价格也合理，好评。
收到手机了，价格很差，申请退货中。,0,负面,17,收到手机了，价格很差，申请退货中。
电脑的物流太差了，非常后悔。,0,负面,14,电脑的物流太差了，非常后悔。
这个电脑的价格不行，建议大家别买。,0,负面,17,这个电脑的价格不行，建议大家别买。
手表的客服很好，物流也快，五星好评。,1,正面,18,手表的客服很好，物流也快，五星好评。
衣服的功能真的是太差了，一次糟糕的购物体验。,0,负面,22,衣服的功能真的是太差了，一次糟糕的购物体验。
手机的功能超出预期，值得购买。,1,正面,15,手机的功能超出预期，值得购买。
收到手机了，包装比想象中好，颜色也好看。,1,正面,20,收到手机了，包装比想象中好，颜色也好看。
鞋子包装很差，根本不值这个价。,0,负面,15,鞋子包装很差，根本不值这个价。
被图片骗了，实际鞋子的客服很差，不值这个价。,0,负面,22,被图片骗了，实际鞋子的客服很差，不值这个价。
这个书包的尺寸很差，和图片上的完全不一样。,0,负面,21,这个书包的尺寸很差，和图片上的完全不一样。
物流慢也就算了，鞋子的质量还这么差，差评。,0,负面,21,物流慢也就算了，鞋子的质量还这么差，差评。
充电宝颜色很差，根本不值这个价。，不推荐！,0,负面,21,充电宝颜色很差，根本不值这个价。，不推荐！
这个耳机的尺寸很差，和图片上的完全不一样。,0,负面,21,这个耳机的尺寸很差，和图片上的完全不一样。
对比了好几家才选的这家，水杯的价格确实好。,1,正面,21,对比了好几家才选的这家，水杯的价格确实好。
耳机的功能很好，做工精细，很喜欢。,1,正面,17,耳机的功能很好，做工精细，很喜欢。
衣服的材质太差了，非常后悔。,0,负面,14,衣服的材质太差了，非常后悔。
电脑的做工真的是太差了，一次糟糕的购物体验。,0,负面,22,电脑的做工真的是太差了，一次糟糕的购物体验。
手表包装很差，根本不值这个价。！,0,负面,16,手表包装很差，根本不值这个价。！
这个充电宝的物流不行，建议大家别买。,0,负面,18,这个充电宝的物流不行，建议大家别买。
性价比很高的充电宝，功能没让我失望。,1,正面,18,性价比很高的充电宝，功能没让我失望。
退货了，电脑的价格完全不能用，浪费时间。,0,负面,20,退货了，电脑的价格完全不能用，浪费时间。
被图片骗了，实际台灯的物流很差，不值这个价。,0,负面,22,被图片骗了，实际台灯的物流很差，不值这个价。
衣服的功能超出预期，值得购买。,1,正面,15,衣服的功能超出预期，值得购买。
用了没几天电脑的尺寸就出问题了，差评。,0,负面,19,用了没几天电脑的尺寸就出问题了，差评。
耳机的尺寸太差了，非常后悔。,0,负面,14,耳机的尺寸太差了，非常后悔。
这个手机的质量不行，建议大家别买。,0,负面,17,这个手机的质量不行，建议大家别买。
充电宝价格很差，根本不值这个价。,0,负面,16,充电宝价格很差，根本不值这个价。
这个充电宝的颜色不行，建议大家别买。,0,负面,18,这个充电宝的颜色不行，建议大家别买。
客服态度差，衣服的物流也有问题，体验很差。,0,负面,21,客服态度差，衣服的物流也有问题，体验很差。
这个水杯的材质超出了我的预期，很惊喜。,1,正面,19,这个水杯的材质超出了我的预期，很惊喜。
退货了，电脑的功能完全不能用，浪费时间。,0,负面,20,退货了，电脑的功能完全不能用，浪费时间。
性价比很高的书包，物流没让我失望。,1,正面,17,性价比很高的书包，物流没让我失望。
这个书包的质量真的不行，不如实体店买。,0,负面,19,这个书包的质量真的不行，不如实体店买。
物流慢也就算了，台灯的材质还这么差，差评。,0,负面,21,物流慢也就算了，台灯的材质还这么差，差评。
对比了好几家才选的这家，台灯的做工确实好。,1,正面,21,对比了好几家才选的这家，台灯的做工确实好。
第二次回购了，充电宝的物流一如既往的好。，推荐！,1,正面,24,第二次回购了，充电宝的物流一如既往的好。，推荐！
这个书包的客服不错，推荐给大家。,1,正面,16,这个书包的客服不错，推荐给大家。
买回来就发现鞋子的包装有问题，很失望。,0,负面,19,买回来就发现鞋子的包装有问题，很失望。
买回来用了几天，电脑的材质确实好。,1,正面,17,买回来用了几天，电脑的材质确实好。
收到充电宝了，物流比想象中好，颜色也好看。,1,正面,21,收到充电宝了，物流比想象中好，颜色也好看。
用了没几天手表的材质就出问题了，差评。,0,负面,19,用了没几天手表的材质就出问题了，差评。
买回来用了几天，鞋子的材质确实好。,1,正面,17,买回来用了几天，鞋子的材质确实好。
这个衣服的功能很差，和图片上的完全不一样。,0,负面,21,这个衣服的功能很差，和图片上的完全不一样。
书包的物流太差了，非常后悔。，不推荐！,0,负面,19,书包的物流太差了，非常后悔。，不推荐！
书包的质量超出预期，值得购买。！建议大家参考。,1,正面,23,书包的质量超出预期，值得购买。！建议大家参考。
好评！书包的物流很好，客服态度也好。,1,正面,18,好评！书包的物流很好，客服态度也好。
这个衣服的价格超出了我的预期，很惊喜。,1,正面,19,这个衣服的价格超出了我的预期，很惊喜。
这个充电宝的功能真的不行，不如实体店买。,0,负面,20,这个充电宝的功能真的不行，不如实体店买。
退货了，衣服的包装完全不能用，浪费时间。,0,负面,20,退货了，衣服的包装完全不能用，浪费时间。
这个衣服的做工不错，推荐给大家。,1,正面,16,这个衣服的做工不错，推荐给大家。
给家人买的耳机，他们说材质很好。,1,正面,16,给家人买的耳机，他们说材质很好。
物流慢也就算了，手表的颜色还这么差，差评。！建议大家参考。,0,负面,29,物流慢也就算了，手表的颜色还这么差，差评。！建议大家参考。
退货了，水杯的功能完全不能用，浪费时间。,0,负面,20,退货了，水杯的功能完全不能用，浪费时间。
性价比很高的台灯，质量没让我失望。！,1,正面,18,性价比很高的台灯，质量没让我失望。！
对比了好几家才选的这家，水杯的客服确实好。,1,正面,21,对比了好几家才选的这家，水杯的客服确实好。
电脑的外观超出预期，值得购买。,1,正面,15,电脑的外观超出预期，值得购买。
物流慢也就算了，电脑的价格还这么差，差评。,0,负面,21,物流慢也就算了，电脑的价格还这么差，差评。
再也不在这家买了，充电宝的物流太让人失望了。,0,负面,22,再也不在这家买了，充电宝的物流太让人失望了。
充电宝质量很好，很满意！,1,正面,12,充电宝质量很好，很满意！
性价比很高的衣服，质量没让我失望。,1,正面,17,性价比很高的衣服，质量没让我失望。
客服态度差，充电宝的颜色也有问题，体验很差。,0,负面,22,客服态度差，充电宝的颜色也有问题，体验很差。
买回来用了几天，手表的价格确实好。,1,正面,17,买回来用了几天，手表的价格确实好。
好评！充电宝的外观很好，客服态度也好。,1,正面,19,好评！充电宝的外观很好，客服态度也好。
性价比很高的衣服，客服没让我失望。,1,正面,17,性价比很高的衣服，客服没让我失望。
好评！鞋子的质量很好，客服态度也好。,1,正面,18,好评！鞋子的质量很好，客服态度也好。
这个手机的做工真的不行，不如实体店买。,0,负面,19,这个手机的做工真的不行，不如实体店买。
衣服价格很棒，价格也合理，好评。,1,正面,16,衣服价格很棒，价格也合理，好评。
物流慢也就算了，手机的包装还这么差，差评。,0,负面,21,物流慢也就算了，手机的包装还这么差，差评。
收到电脑了，物流比想象中好，颜色也好看。,1,正面,20,收到电脑了，物流比想象中好，颜色也好看。
台灯功能很好，很满意！,1,正面,11,台灯功能很好，很满意！
太坑了，台灯的物流和描述完全不一样。,0,负面,18,太坑了，台灯的物流和描述完全不一样。
水杯的质量很好，做工精细，很喜欢。,1,正面,17,水杯的质量很好，做工精细，很喜欢。
太坑了，鞋子的包装和描述完全不一样。，推荐！,0,负面,22,太坑了，鞋子的包装和描述完全不一样。，推荐！
鞋子客服很棒，价格也合理，好评。,1,正面,16,鞋子客服很棒，价格也合理，好评。
充电宝的颜色很好，做工精细，很喜欢。,1,正面,18,充电宝的颜色很好，做工精细，很喜欢。
手机外观很棒，价格也合理，好评。,1,正面,16,手机外观很棒，价格也合理，好评。
用了没几天书包的客服就出问题了，差评。,0,负面,19,用了没几天书包的客服就出问题了，差评。
这个鞋子的客服不行，建议大家别买。,0,负面,17,这个鞋子的客服不行，建议大家别买。
收到充电宝了，做工很差，申请退货中。，不推荐！,0,负面,23,收到充电宝了，做工很差，申请退货中。，不推荐！
被图片骗了，实际充电宝的功能很差，不值这个价。，不推荐！,0,负面,28,被图片骗了，实际充电宝的功能很差，不值这个价。，不推荐！
收到水杯了，质量比想象中好，颜色也好看。,1,正面,20,收到水杯了，质量比想象中好，颜色也好看。
买回来用了几天，衣服的物流确实好。,1,正面,17,买回来用了几天，衣服的物流确实好。
收到水杯了，功能比想象中好，颜色也好看。,1,正面,20,收到水杯了，功能比想象中好，颜色也好看。
买回来就发现衣服的做工有问题，很失望。,0,负面,19,买回来就发现衣服的做工有问题，很失望。
收到水杯了，价格很差，申请退货中。,0,负面,17,收到水杯了，价格很差，申请退货中。
手表的物流超出预期，值得购买。,1,正面,15,手表的物流超出预期，值得购买。
再也不在这家买了，耳机的尺寸太让人失望了。,0,负面,21,再也不在这家买了，耳机的尺寸太让人失望了。
这个水杯的尺寸不行，建议大家别买。,0,负面,17,这个水杯的尺寸不行，建议大家别买。
被图片骗了，实际充电宝的客服很差，不值这个价。,0,负面,23,被图片骗了，实际充电宝的客服很差，不值这个价。
收到衣服了，做工很差，申请退货中。,0,负面,17,收到衣服了，做工很差，申请退货中。
手机的质量很好，物流也快，五星好评。！建议大家参考。,1,正面,26,手机的质量很好，物流也快，五星好评。！建议大家参考。
好评！耳机的颜色很好，客服态度也好。,1,正面,18,好评！耳机的颜色很好，客服态度也好。
这个电脑的颜色不行，建议大家别买。,0,负面,17,这个电脑的颜色不行，建议大家别买。
再也不在这家买了，手表的功能太让人失望了。,0,负面,21,再也不在这家买了，手表的功能太让人失望了。
性价比很高的台灯，物流没让我失望。,1,正面,17,性价比很高的台灯，物流没让我失望。
衣服的价格超出预期，值得购买。,1,正面,15,衣服的价格超出预期，值得购买。
用了没几天手机的客服就出问题了，差评。！建议大家参考。,0,负面,27,用了没几天手机的客服就出问题了，差评。！建议大家参考。
好评！台灯的质量很好，客服态度也好。,1,正面,18,好评！台灯的质量很好，客服态度也好。
这个电脑的外观不错，推荐给大家。,1,正面,16,这个电脑的外观不错，推荐给大家。
再也不在这家买了，手表的做工太让人失望了。,0,负面,21,再也不在这家买了，手表的做工太让人失望了。
手表的物流真的是太差了，一次糟糕的购物体验。,0,负面,22,手表的物流真的是太差了，一次糟糕的购物体验。
性价比很高的衣服，做工没让我失望。，推荐！,1,正面,21,性价比很高的衣服，做工没让我失望。，推荐！
用了没几天书包的包装就出问题了，差评。,0,负面,19,用了没几天书包的包装就出问题了，差评。
台灯质量很棒，价格也合理，好评。,1,正面,16,台灯质量很棒，价格也合理，好评。
鞋子外观很好，很满意！,1,正面,11,鞋子外观很好，很满意！
对比了好几家才选的这家，水杯的材质确实好。,1,正面,21,对比了好几家才选的这家，水杯的材质确实好。
买回来就发现电脑的功能有问题，很失望。！,0,负面,20,买回来就发现电脑的功能有问题，很失望。！
手机的外观很好，做工精细，很喜欢。,1,正面,17,手机的外观很好，做工精细，很喜欢。
这个价钱买到这么好的电脑，做工还这么好，太值了。！建议大家参考。,1,正面,32,这个价钱买到这么好的电脑，做工还这么好，太值了。！建议大家参考。
充电宝客服很好，很满意！,1,正面,12,充电宝客服很好，很满意！
客服态度差，耳机的客服也有问题，体验很差。,0,负面,21,客服态度差，耳机的客服也有问题，体验很差。
客服态度差，衣服的材质也有问题，体验很差。,0,负面,21,客服态度差，衣服的材质也有问题，体验很差。
手机材质很棒，价格也合理，好评。,1,正面,16,手机材质很棒，价格也合理，好评。
收到手机了，质量比想象中好，颜色也好看。,1,正面,20,收到手机了，质量比想象中好，颜色也好看。
这个价钱买到这么好的手机，物流还这么好，太值了。,1,正面,24,这个价钱买到这么好的手机，物流还这么好，太值了。
买回来就发现鞋子的尺寸有问题，很失望。,0,负面,19,买回来就发现鞋子的尺寸有问题，很失望。
被图片骗了，实际手机的功能很差，不值这个价。,0,负面,22,被图片骗了，实际手机的功能很差，不值这个价。
收到鞋子了，材质很差，申请退货中。,0,负面,17,收到鞋子了，材质很差，申请退货中。
物流慢也就算了，手表的材质还这么差，差评。,0,负面,21,物流慢也就算了，手表的材质还这么差，差评。
这个电脑的材质不错，推荐给大家。，推荐！,1,正面,20,这个电脑的材质不错，推荐给大家。，推荐！
性价比很高的充电宝，材质没让我失望。,1,正面,18,性价比很高的充电宝，材质没让我失望。
手表的做工超出预期，值得购买。,1,正面,15,手表的做工超出预期，值得购买。
这个电脑的物流真的不行，不如实体店买。,0,负面,19,这个电脑的物流真的不行，不如实体店买。
水杯的价格真的是太差了，一次糟糕的购物体验。,0,负面,22,水杯的价格真的是太差了，一次糟糕的购物体验。
给家人买的手表，他们说外观很好。,1,正面,16,给家人买的手表，他们说外观很好。
电脑的材质很好，做工精细，很喜欢。,1,正面,17,电脑的材质很好，做工精细，很喜欢。
手机包装很好，很满意！,1,正面,11,手机包装很好，很满意！
手表颜色很棒，价格也合理，好评。,1,正面,16,手表颜色很棒，价格也合理，好评。
水杯功能很好，很满意！！建议大家参考。,1,正面,19,水杯功能很好，很满意！！建议大家参考。
收到充电宝了，包装很差，申请退货中。,0,负面,18,收到充电宝了，包装很差，申请退货中。
衣服材质很差，根本不值这个价。,0,负面,15,衣服材质很差，根本不值这个价。
水杯物流很好，很满意！,1,正面,11,水杯物流很好，很满意！
耳机物流很棒，价格也合理，好评。,1,正面,16,耳机物流很棒，价格也合理，好评。
鞋子颜色很差，根本不值这个价。,0,负面,15,鞋子颜色很差，根本不值这个价。
退货了，电脑的材质完全不能用，浪费时间。,0,负面,20,退货了，电脑的材质完全不能用，浪费时间。
给家人买的书包，他们说价格很好。,1,正面,16,给家人买的书包，他们说价格很好。
这个充电宝的物流真的不行，不如实体店买。,0,负面,20,这个充电宝的物流真的不行，不如实体店买。
电脑包装很差，根本不值这个价。,0,负面,15,电脑包装很差，根本不值这个价。
好评！手机的包装很好，客服态度也好。,1,正面,18,好评！手机的包装很好，客服态度也好。
被图片骗了，实际书包的颜色很差，不值这个价。,0,负面,22,被图片骗了，实际书包的颜色很差，不值这个价。
对比了好几家才选的这家，衣服的颜色确实好。,1,正面,21,对比了好几家才选的这家，衣服的颜色确实好。
鞋子的质量真的是太差了，一次糟糕的购物体验。,0,负面,22,鞋子的质量真的是太差了，一次糟糕的购物体验。
鞋子客服很差，根本不值这个价。,0,负面,15,鞋子客服很差，根本不值这个价。
这个电脑的质量超出了我的预期，很惊喜。,1,正面,19,这个电脑的质量超出了我的预期，很惊喜。
太坑了，耳机的做工和描述完全不一样。,0,负面,18,太坑了，耳机的做工和描述完全不一样。
给家人买的耳机，他们说物流很好。,1,正面,16,给家人买的耳机，他们说物流很好。
这个水杯的包装真的不行，不如实体店买。,0,负面,19,这个水杯的包装真的不行，不如实体店买。
手机做工很棒，价格也合理，好评。,1,正面,16,手机做工很棒，价格也合理，好评。
电脑的客服超出预期，值得购买。,1,正面,15,电脑的客服超出预期，值得购买。
这个价钱买到这么好的衣服，外观还这么好，太值了。,1,正面,24,这个价钱买到这么好的衣服，外观还这么好，太值了。
这个手表的功能不错，推荐给大家。,1,正面,16,这个手表的功能不错，推荐给大家。
物流慢也就算了，电脑的客服还这么差，差评。,0,负面,21,物流慢也就算了，电脑的客服还这么差，差评。
客服态度差，衣服的价格也有问题，体验很差。,0,负面,21,客服态度差，衣服的价格也有问题，体验很差。
收到充电宝了，尺寸很差，申请退货中。,0,负面,18,收到充电宝了，尺寸很差，申请退货中。
给家人买的衣服，他们说质量很好。,1,正面,16,给家人买的衣服，他们说质量很好。
台灯物流很差，根本不值这个价。,0,负面,15,台灯物流很差，根本不值这个价。
这个台灯的物流不错，推荐给大家。,1,正面,16,这个台灯的物流不错，推荐给大家。
书包的外观超出预期，值得购买。,1,正面,15,书包的外观超出预期，值得购买。
手表颜色很好，很满意！,1,正面,11,手表颜色很好，很满意！
客服态度差，水杯的包装也有问题，体验很差。,0,负面,21,客服态度差，水杯的包装也有问题，体验很差。
这个水杯的客服超出了我的预期，很惊喜。,1,正面,19,这个水杯的客服超出了我的预期，很惊喜。
手机价格很好，很满意！,1,正面,11,手机价格很好，很满意！
这个手机的颜色很差，和图片上的完全不一样。！,0,负面,22,这个手机的颜色很差，和图片上的完全不一样。！
书包的外观很好，物流也快，五星好评。,1,正面,18,书包的外观很好，物流也快，五星好评。
退货了，鞋子的材质完全不能用，浪费时间。,0,负面,20,退货了，鞋子的材质完全不能用，浪费时间。
台灯包装很棒，价格也合理，好评。,1,正面,16,台灯包装很棒，价格也合理，好评。
收到耳机了，材质比想象中好，颜色也好看。,1,正面,20,收到耳机了，材质比想象中好，颜色也好看。
对比了好几家才选的这家，鞋子的价格确实好。,1,正面,21,对比了好几家才选的这家，鞋子的价格确实好。
水杯功能很棒，价格也合理，好评。,1,正面,16,水杯功能很棒，价格也合理，好评。
手表的客服太差了，非常后悔。,0,负面,14,手表的客服太差了，非常后悔。
退货了，耳机的做工完全不能用，浪费时间。,0,负面,20,退货了，耳机的做工完全不能用，浪费时间。
太坑了，手表的材质和描述完全不一样。,0,负面,18,太坑了，手表的材质和描述完全不一样。
电脑的材质太差了，非常后悔。,0,负面,14,电脑的材质太差了，非常后悔。
这个书包的外观不错，推荐给大家。,1,正面,16,这个书包的外观不错，推荐给大家。
这个电脑的颜色很差，和图片上的完全不一样。！,0,负面,22,这个电脑的颜色很差，和图片上的完全不一样。！
这个水杯的外观不错，推荐给大家。,1,正面,16,这个水杯的外观不错，推荐给大家。
被图片骗了，实际手机的质量很差，不值这个价。,0,负面,22,被图片骗了，实际手机的质量很差，不值这个价。
用了没几天书包的尺寸就出问题了，差评。,0,负面,19,用了没几天书包的尺寸就出问题了，差评。
收到台灯了，包装比想象中好，颜色也好看。,1,正面,20,收到台灯了，包装比想象中好，颜色也好看。
水杯材质很棒，价格也合理，好评。,1,正面,16,水杯材质很棒，价格也合理，好评。
第二次回购了，充电宝的物流一如既往的好。,1,正面,20,第二次回购了，充电宝的物流一如既往的好。
水杯的质量很好，做工精细，很喜欢。，不推荐！,1,正面,22,水杯的质量很好，做工精细，很喜欢。，不推荐！
给家人买的手机，他们说功能很好。,1,正面,16,给家人买的手机，他们说功能很好。
这个水杯的包装很差，和图片上的完全不一样。,0,负面,21,这个水杯的包装很差，和图片上的完全不一样。
书包的功能超出预期，值得购买。,1,正面,15,书包的功能超出预期，值得购买。
水杯的客服超出预期，值得购买。,1,正面,15,水杯的客服超出预期，值得购买。
收到水杯了，材质比想象中好，颜色也好看。,1,正面,20,收到水杯了，材质比想象中好，颜色也好看。
再也不在这家买了，水杯的物流太让人失望了。,0,负面,21,再也不在这家买了，水杯的物流太让人失望了。
水杯的客服太差了，非常后悔。,0,负面,14,水杯的客服太差了，非常后悔。
好评！书包的包装很好，客服态度也好。！建议大家参考。,1,正面,26,好评！书包的包装很好，客服态度也好。！建议大家参考。
收到手机了，材质比想象中好，颜色也好看。,1,正面,20,收到手机了，材质比想象中好，颜色也好看。
性价比很高的手表，外观没让我失望。,1,正面,17,性价比很高的手表，外观没让我失望。
第二次回购了，电脑的颜色一如既往的好。,1,正面,19,第二次回购了，电脑的颜色一如既往的好。
这个台灯的外观超出了我的预期，很惊喜。,1,正面,19,这个台灯的外观超出了我的预期，很惊喜。
用了没几天书包的质量就出问题了，差评。，不推荐！,0,负面,24,用了没几天书包的质量就出问题了，差评。，不推荐！
对比了好几家才选的这家，书包的价格确实好。,1,正面,21,对比了好几家才选的这家，书包的价格确实好。
这个充电宝的质量真的不行，不如实体店买。,0,负面,20,这个充电宝的质量真的不行，不如实体店买。
物流慢也就算了，手表的尺寸还这么差，差评。,0,负面,21,物流慢也就算了，手表的尺寸还这么差，差评。
手表包装很棒，价格也合理，好评。,1,正面,16,手表包装很棒，价格也合理，好评。
书包外观很棒，价格也合理，好评。,1,正面,16,书包外观很棒，价格也合理，好评。
第二次回购了，手表的价格一如既往的好。,1,正面,19,第二次回购了，手表的价格一如既往的好。
太坑了，耳机的功能和描述完全不一样。,0,负面,18,太坑了，耳机的功能和描述完全不一样。
这个价钱买到这么好的衣服，价格还这么好，太值了。,1,正面,24,这个价钱买到这么好的衣服，价格还这么好，太值了。
台灯的包装真的是太差了，一次糟糕的购物体验。,0,负面,22,台灯的包装真的是太差了，一次糟糕的购物体验。
买回来用了几天，耳机的颜色确实好。,1,正面,17,买回来用了几天，耳机的颜色确实好。
充电宝质量很差，根本不值这个价。,0,负面,16,充电宝质量很差，根本不值这个价。
鞋子包装很好，很满意！,1,正面,11,鞋子包装很好，很满意！
这个台灯的尺寸很差，和图片上的完全不一样。,0,负面,21,这个台灯的尺寸很差，和图片上的完全不一样。
鞋子做工很好，很满意！,1,正面,11,鞋子做工很好，很满意！
收到充电宝了，外观比想象中好，颜色也好看。,1,正面,21,收到充电宝了，外观比想象中好，颜色也好看。
台灯价格很好，很满意！,1,正面,11,台灯价格很好，很满意！
水杯价格很好，很满意！,1,正面,11,水杯价格很好，很满意！
这个充电宝的价格真的不行，不如实体店买。。,0,负面,21,这个充电宝的价格真的不行，不如实体店买。。
客服态度差，充电宝的价格也有问题，体验很差。,0,负面,22,客服态度差，充电宝的价格也有问题，体验很差。
这个书包的尺寸很差，和图片上的完全不一样。！,0,负面,22,这个书包的尺寸很差，和图片上的完全不一样。！
充电宝的尺寸真的是太差了，一次糟糕的购物体验。。,0,负面,24,充电宝的尺寸真的是太差了，一次糟糕的购物体验。。
这个水杯的物流很差，和图片上的完全不一样。，不推荐！,0,负面,26,这个水杯的物流很差，和图片上的完全不一样。，不推荐！
给家人买的水杯，他们说物流很好。,1,正面,16,给家人买的水杯，他们说物流很好。
耳机的客服真的是太差了，一次糟糕的购物体验。,0,负面,22,耳机的客服真的是太差了，一次糟糕的购物体验。
收到电脑了，客服很差，申请退货中。,0,负面,17,收到电脑了，客服很差，申请退货中。
手机的颜色很好，物流也快，五星好评。,1,正面,18,手机的颜色很好，物流也快，五星好评。
书包的包装很好，物流也快，五星好评。,1,正面,18,书包的包装很好，物流也快，五星好评。
这个价钱买到这么好的水杯，物流还这么好，太值了。。,1,正面,25,这个价钱买到这么好的水杯，物流还这么好，太值了。。
这个耳机的尺寸真的不行，不如实体店买。,0,负面,19,这个耳机的尺寸真的不行，不如实体店买。
退货了，手机的价格完全不能用，浪费时间。,0,负面,20,退货了，手机的价格完全不能用，浪费时间。
这个充电宝的包装真的不行，不如实体店买。,0,负面,20,这个充电宝的包装真的不行，不如实体店买。
收到充电宝了，颜色比想象中好，颜色也好看。,1,正面,21,收到充电宝了，颜色比想象中好，颜色也好看。
再也不在这家买了，台灯的颜色太让人失望了。，推荐！,0,负面,25,再也不在这家买了，台灯的颜色太让人失望了。，推荐！
这个价钱买到这么好的书包，物流还这么好，太值了。,1,正面,24,这个价钱买到这么好的书包，物流还这么好，太值了。
物流慢也就算了，手机的尺寸还这么差，差评。,0,负面,21,物流慢也就算了，手机的尺寸还这么差，差评。
买回来就发现耳机的材质有问题，很失望。,0,负面,19,买回来就发现耳机的材质有问题，很失望。
买回来就发现书包的功能有问题，很失望。,0,负面,19,买回来就发现书包的功能有问题，很失望。
台灯的包装超出预期，值得购买。,1,正面,15,台灯的包装超出预期，值得购买。
水杯的颜色太差了，非常后悔。,0,负面,14,水杯的颜色太差了，非常后悔。
好评！衣服的物流很好，客服态度也好。。,1,正面,19,好评！衣服的物流很好，客服态度也好。。
客服态度差，手机的质量也有问题，体验很差。,0,负面,21,客服态度差，手机的质量也有问题，体验很差。
用了没几天耳机的物流就出问题了，差评。！建议大家参考。,0,负面,27,用了没几天耳机的物流就出问题了，差评。！建议大家参考。
这个价钱买到这么好的手表，颜色还这么好，太值了。,1,正面,24,这个价钱买到这么好的手表，颜色还这么好，太值了。
这个水杯的物流真的不行，不如实体店买。,0,负面,19,这个水杯的物流真的不行，不如实体店买。
衣服的物流很好，物流也快，五星好评。,1,正面,18,衣服的物流很好，物流也快，五星好评。
这个价钱买到这么好的台灯，外观还这么好，太值了。,1,正面,24,这个价钱买到这么好的台灯，外观还这么好，太值了。
给家人买的手机，他们说功能很好。。,1,正面,17,给家人买的手机，他们说功能很好。。
水杯的尺寸太差了，非常后悔。,0,负面,14,水杯的尺寸太差了，非常后悔。
客服态度差，书包的颜色也有问题，体验很差。,0,负面,21,客服态度差，书包的颜色也有问题，体验很差。
客服态度差，手表的包装也有问题，体验很差。,0,负面,21,客服态度差，手表的包装也有问题，体验很差。
给家人买的水杯，他们说质量很好。,1,正面,16,给家人买的水杯，他们说质量很好。
这个台灯的包装不错，推荐给大家。,1,正面,16,这个台灯的包装不错，推荐给大家。
好评！衣服的材质很好，客服态度也好。,1,正面,18,好评！衣服的材质很好，客服态度也好。
充电宝做工很差，根本不值这个价。！建议大家参考。,0,负面,24,充电宝做工很差，根本不值这个价。！建议大家参考。
手表的包装真的是太差了，一次糟糕的购物体验。,0,负面,22,手表的包装真的是太差了，一次糟糕的购物体验。
衣服包装很好，很满意！,1,正面,11,衣服包装很好，很满意！
给家人买的鞋子，他们说颜色很好。,1,正面,16,给家人买的鞋子，他们说颜色很好。
书包的价格很好，做工精细，很喜欢。,1,正面,17,书包的价格很好，做工精细，很喜欢。
性价比很高的衣服，功能没让我失望。,1,正面,17,性价比很高的衣服，功能没让我失望。
物流慢也就算了，书包的包装还这么差，差评。,0,负面,21,物流慢也就算了，书包的包装还这么差，差评。
被图片骗了，实际衣服的价格很差，不值这个价。,0,负面,22,被图片骗了，实际衣服的价格很差，不值这个价。
这个价钱买到这么好的手机，客服还这么好，太值了。，推荐！,1,正面,28,这个价钱买到这么好的手机，客服还这么好，太值了。，推荐！
用了没几天衣服的尺寸就出问题了，差评。,0,负面,19,用了没几天衣服的尺寸就出问题了，差评。
耳机的颜色很好，物流也快，五星好评。,1,正面,18,耳机的颜色很好，物流也快，五星好评。
这个耳机的做工真的不行，不如实体店买。,0,负面,19,这个耳机的做工真的不行，不如实体店买。
手表的包装很好，物流也快，五星好评。,1,正面,18,手表的包装很好，物流也快，五星好评。
太坑了，水杯的质量和描述完全不一样。。,0,负面,19,太坑了，水杯的质量和描述完全不一样。。
收到鞋子了，价格很差，申请退货中。,0,负面,17,收到鞋子了，价格很差，申请退货中。
收到鞋子了，外观比想象中好，颜色也好看。,1,正面,20,收到鞋子了，外观比想象中好，颜色也好看。
书包的外观很好，物流也快，五星好评。！,1,正面,19,书包的外观很好，物流也快，五星好评。！
这个充电宝的外观不错，推荐给大家。,1,正面,17,这个充电宝的外观不错，推荐给大家。
太坑了，书包的包装和描述完全不一样。,0,负面,18,太坑了，书包的包装和描述完全不一样。
书包颜色很棒，价格也合理，好评。！,1,正面,17,书包颜色很棒，价格也合理，好评。！
这个电脑的质量真的不行，不如实体店买。,0,负面,19,这个电脑的质量真的不行，不如实体店买。
收到台灯了，质量很差，申请退货中。,0,负面,17,收到台灯了，质量很差，申请退货中。
这个台灯的做工不行，建议大家别买。,0,负面,17,这个台灯的做工不行，建议大家别买。
电脑颜色很差，根本不值这个价。！,0,负面,16,电脑颜色很差，根本不值这个价。！
这个水杯的物流不错，推荐给大家。，推荐！,1,正面,20,这个水杯的物流不错，推荐给大家。，推荐！
性价比很高的手机，物流没让我失望。,1,正面,17,性价比很高的手机，物流没让我失望。
电脑的质量超出预期，值得购买。,1,正面,15,电脑的质量超出预期，值得购买。
收到手机了，外观比想象中好，颜色也好看。,1,正面,20,收到手机了，外观比想象中好，颜色也好看。
退货了，充电宝的做工完全不能用，浪费时间。,0,负面,21,退货了，充电宝的做工完全不能用，浪费时间。
鞋子做工很棒，价格也合理，好评。,1,正面,16,鞋子做工很棒，价格也合理，好评。
收到书包了，客服比想象中好，颜色也好看。,1,正面,20,收到书包了，客服比想象中好，颜色也好看。
对比了好几家才选的这家，耳机的客服确实好。。,1,正面,22,对比了好几家才选的这家，耳机的客服确实好。。
书包材质很好，很满意！,1,正面,11,书包材质很好，很满意！
这个手机的客服不行，建议大家别买。,0,负面,17,这个手机的客服不行，建议大家别买。
客服态度差，鞋子的质量也有问题，体验很差。,0,负面,21,客服态度差，鞋子的质量也有问题，体验很差。
这个耳机的颜色不错，推荐给大家。,1,正面,16,这个耳机的颜色不错，推荐给大家。
充电宝的物流太差了，非常后悔。,0,负面,15,充电宝的物流太差了，非常后悔。
退货了，鞋子的价格完全不能用，浪费时间。,0,负面,20,退货了，鞋子的价格完全不能用，浪费时间。
第二次回购了，水杯的颜色一如既往的好。,1,正面,19,第二次回购了，水杯的颜色一如既往的好。
这个水杯的功能很差，和图片上的完全不一样。,0,负面,21,这个水杯的功能很差，和图片上的完全不一样。
这个电脑的颜色不错，推荐给大家。,1,正面,16,这个电脑的颜色不错，推荐给大家。
这个水杯的颜色不错，推荐给大家。,1,正面,16,这个水杯的颜色不错，推荐给大家。
买回来就发现手机的功能有问题，很失望。,0,负面,19,买回来就发现手机的功能有问题，很失望。
被图片骗了，实际手表的物流很差，不值这个价。,0,负面,22,被图片骗了，实际手表的物流很差，不值这个价。
给家人买的手表，他们说功能很好。,1,正面,16,给家人买的手表，他们说功能很好。
这个电脑的做工不错，推荐给大家。,1,正面,16,这个电脑的做工不错，推荐给大家。
客服态度差，台灯的材质也有问题，体验很差。，不推荐！,0,负面,26,客服态度差，台灯的材质也有问题，体验很差。，不推荐！
物流慢也就算了，鞋子的尺寸还这么差，差评。,0,负面,21,物流慢也就算了，鞋子的尺寸还这么差，差评。
这个书包的客服真的不行，不如实体店买。,0,负面,19,这个书包的客服真的不行，不如实体店买。
这个电脑的做工很差，和图片上的完全不一样。,0,负面,21,这个电脑的做工很差，和图片上的完全不一样。
台灯做工很棒，价格也合理，好评。,1,正面,16,台灯做工很棒，价格也合理，好评。
对比了好几家才选的这家，台灯的外观确实好。,1,正面,21,对比了好几家才选的这家，台灯的外观确实好。
收到手表了，尺寸很差，申请退货中。,0,负面,17,收到手表了，尺寸很差，申请退货中。
这个手表的做工真的不行，不如实体店买。,0,负面,19,这个手表的做工真的不行，不如实体店买。
手表的价格太差了，非常后悔。,0,负面,14,手表的价格太差了，非常后悔。
充电宝客服很棒，价格也合理，好评。,1,正面,17,充电宝客服很棒，价格也合理，好评。
这个鞋子的材质很差，和图片上的完全不一样。,0,负面,21,这个鞋子的材质很差，和图片上的完全不一样。
这个书包的客服不行，建议大家别买。,0,负面,17,这个书包的客服不行，建议大家别买。
第二次回购了，充电宝的包装一如既往的好。,1,正面,20,第二次回购了，充电宝的包装一如既往的好。
第二次回购了，充电宝的颜色一如既往的好。,1,正面,20,第二次回购了，充电宝的颜色一如既往的好。
好评！衣服的颜色很好，客服态度也好。，推荐！,1,正面,22,好评！衣服的颜色很好，客服态度也好。，推荐！
手表的颜色很好，物流也快，五星好评。,1,正面,18,手表的颜色很好，物流也快，五星好评。
收到手表了，质量很差，申请退货中。，推荐！,0,负面,21,收到手表了，质量很差，申请退货中。，推荐！
给家人买的鞋子，他们说材质很好。，不推荐！,1,正面,21,给家人买的鞋子，他们说材质很好。，不推荐！
这个电脑的尺寸很差，和图片上的完全不一样。,0,负面,21,这个电脑的尺寸很差，和图片上的完全不一样。
买回来用了几天，衣服的包装确实好。,1,正面,17,买回来用了几天，衣服的包装确实好。
这个台灯的包装很差，和图片上的完全不一样。,0,负面,21,这个台灯的包装很差，和图片上的完全不一样。
对比了好几家才选的这家，手表的包装确实好。,1,正面,21,对比了好几家才选的这家，手表的包装确实好。
书包的客服很好，做工精细，很喜欢。,1,正面,17,书包的客服很好，做工精细，很喜欢。
鞋子的物流很好，物流也快，五星好评。,1,正面,18,鞋子的物流很好，物流也快，五星好评。
耳机的客服很好，物流也快，五星好评。,1,正面,18,耳机的客服很好，物流也快，五星好评。
对比了好几家才选的这家，水杯的客服确实好。！,1,正面,22,对比了好几家才选的这家，水杯的客服确实好。！
性价比很高的手机，包装没让我失望。,1,正面,17,性价比很高的手机，包装没让我失望。
给家人买的衣服，他们说功能很好。,1,正面,16,给家人买的衣服，他们说功能很好。
收到台灯了，外观比想象中好，颜色也好看。,1,正面,20,收到台灯了，外观比想象中好，颜色也好看。
太坑了，手机的尺寸和描述完全不一样。,0,负面,18,太坑了，手机的尺寸和描述完全不一样。
耳机功能很差，根本不值这个价。,0,负面,15,耳机功能很差，根本不值这个价。
再也不在这家买了，耳机的材质太让人失望了。,0,负面,21,再也不在这家买了，耳机的材质太让人失望了。
用了没几天书包的质量就出问题了，差评。,0,负面,19,用了没几天书包的质量就出问题了，差评。
对比了好几家才选的这家，衣服的质量确实好。,1,正面,21,对比了好几家才选的这家，衣服的质量确实好。
电脑客服很差，根本不值这个价。,0,负面,15,电脑客服很差，根本不值这个价。
好评！台灯的材质很好，客服态度也好。，推荐！,1,正面,22,好评！台灯的材质很好，客服态度也好。，推荐！
退货了，台灯的质量完全不能用，浪费时间。,0,负面,20,退货了，台灯的质量完全不能用，浪费时间。
充电宝尺寸很差，根本不值这个价。,0,负面,16,充电宝尺寸很差，根本不值这个价。
充电宝的客服太差了，非常后悔。，推荐！,0,负面,19,充电宝的客服太差了，非常后悔。，推荐！
这个价钱买到这么好的充电宝，质量还这么好，太值了。,1,正面,25,这个价钱买到这么好的充电宝，质量还这么好，太值了。
水杯的质量很好，物流也快，五星好评。,1,正面,18,水杯的质量很好，物流也快，五星好评。
衣服的客服超出预期，值得购买。,1,正面,15,衣服的客服超出预期，值得购买。
太坑了，充电宝的价格和描述完全不一样。,0,负面,19,太坑了，充电宝的价格和描述完全不一样。
性价比很高的鞋子，物流没让我失望。,1,正面,17,性价比很高的鞋子，物流没让我失望。
太坑了，手机的价格和描述完全不一样。，不推荐！,0,负面,23,太坑了，手机的价格和描述完全不一样。，不推荐！
鞋子的功能很好，做工精细，很喜欢。。,1,正面,18,鞋子的功能很好，做工精细，很喜欢。。
第二次回购了，台灯的功能一如既往的好。，推荐！,1,正面,23,第二次回购了，台灯的功能一如既往的好。，推荐！
收到鞋子了，客服很差，申请退货中。,0,负面,17,收到鞋子了，客服很差，申请退货中。
被图片骗了，实际台灯的做工很差，不值这个价。,0,负面,22,被图片骗了，实际台灯的做工很差，不值这个价。
这个耳机的颜色真的不行，不如实体店买。,0,负面,19,这个耳机的颜色真的不行，不如实体店买。
收到书包了，物流比想象中好，颜色也好看。,1,正面,20,收到书包了，物流比想象中好，颜色也好看。
衣服的客服很好，做工精细，很喜欢。,1,正面,17,衣服的客服很好，做工精细，很喜欢。
这个价钱买到这么好的台灯，功能还这么好，太值了。,1,正面,24,这个价钱买到这么好的台灯，功能还这么好，太值了。
物流慢也就算了，耳机的尺寸还这么差，差评。,0,负面,21,物流慢也就算了，耳机的尺寸还这么差，差评。
退货了，手表的材质完全不能用，浪费时间。,0,负面,20,退货了，手表的材质完全不能用，浪费时间。
这个台灯的客服超出了我的预期，很惊喜。,1,正面,19,这个台灯的客服超出了我的预期，很惊喜。
好评！衣服的客服很好，客服态度也好。,1,正面,18,好评！衣服的客服很好，客服态度也好。
这个手机的功能超出了我的预期，很惊喜。,1,正面,19,这个手机的功能超出了我的预期，很惊喜。
客服态度差，书包的客服也有问题，体验很差。,0,负面,21,客服态度差，书包的客服也有问题，体验很差。
水杯的做工超出预期，值得购买。,1,正面,15,水杯的做工超出预期，值得购买。
手表尺寸很差，根本不值这个价。,0,负面,15,手表尺寸很差，根本不值这个价。
对比了好几家才选的这家，鞋子的客服确实好。,1,正面,21,对比了好几家才选的这家，鞋子的客服确实好。
退货了，水杯的做工完全不能用，浪费时间。,0,负面,20,退货了，水杯的做工完全不能用，浪费时间。
客服态度差，台灯的材质也有问题，体验很差。,0,负面,21,客服态度差，台灯的材质也有问题，体验很差。
性价比很高的鞋子，价格没让我失望。,1,正面,17,性价比很高的鞋子，价格没让我失望。
电脑的客服很好，物流也快，五星好评。！建议大家参考。,1,正面,26,电脑的客服很好，物流也快，五星好评。！建议大家参考。
再也不在这家买了，耳机的包装太让人失望了。,0,负面,21,再也不在这家买了，耳机的包装太让人失望了。
这个价钱买到这么好的手机，材质还这么好，太值了。！建议大家参考。,1,正面,32,这个价钱买到这么好的手机，材质还这么好，太值了。！建议大家参考。
用了没几天水杯的材质就出问题了，差评。,0,负面,19,用了没几天水杯的材质就出问题了，差评。
这个手机的客服超出了我的预期，很惊喜。,1,正面,19,这个手机的客服超出了我的预期，很惊喜。
好评！水杯的包装很好，客服态度也好。！建议大家参考。,1,正面,26,好评！水杯的包装很好，客服态度也好。！建议大家参考。
水杯包装很好，很满意！,1,正面,11,水杯包装很好，很满意！
这个充电宝的包装很差，和图片上的完全不一样。,0,负面,22,这个充电宝的包装很差，和图片上的完全不一样。
性价比很高的耳机，价格没让我失望。,1,正面,17,性价比很高的耳机，价格没让我失望。
给家人买的衣服，他们说质量很好。！建议大家参考。,1,正面,24,给家人买的衣服，他们说质量很好。！建议大家参考。
这个电脑的价格很差，和图片上的完全不一样。,0,负面,21,这个电脑的价格很差，和图片上的完全不一样。
被图片骗了，实际书包的客服很差，不值这个价。,0,负面,22,被图片骗了，实际书包的客服很差，不值这个价。
对比了好几家才选的这家，手表的价格确实好。,1,正面,21,对比了好几家才选的这家，手表的价格确实好。
买回来就发现鞋子的尺寸有问题，很失望。。,0,负面,20,买回来就发现鞋子的尺寸有问题，很失望。。
被图片骗了，实际手表的尺寸很差，不值这个价。,0,负面,22,被图片骗了，实际手表的尺寸很差，不值这个价。
这个水杯的功能不错，推荐给大家。,1,正面,16,这个水杯的功能不错，推荐给大家。
这个耳机的外观超出了我的预期，很惊喜。,1,正面,19,这个耳机的外观超出了我的预期，很惊喜。
好评！鞋子的物流很好，客服态度也好。，推荐！,1,正面,22,好评！鞋子的物流很好，客服态度也好。，推荐！
好评！手表的质量很好，客服态度也好。,1,正面,18,好评！手表的质量很好，客服态度也好。
这个耳机的客服真的不行，不如实体店买。，不推荐！,0,负面,24,这个耳机的客服真的不行，不如实体店买。，不推荐！
买回来用了几天，耳机的质量确实好。,1,正面,17,买回来用了几天，耳机的质量确实好。
买回来就发现耳机的客服有问题，很失望。,0,负面,19,买回来就发现耳机的客服有问题，很失望。
这个电脑的价格真的不行，不如实体店买。,0,负面,19,这个电脑的价格真的不行，不如实体店买。
买回来就发现水杯的物流有问题，很失望。！建议大家参考。,0,负面,27,买回来就发现水杯的物流有问题，很失望。！建议大家参考。
这个价钱买到这么好的电脑，材质还这么好，太值了。,1,正面,24,这个价钱买到这么好的电脑，材质还这么好，太值了。
这个衣服的功能超出了我的预期，很惊喜。,1,正面,19,这个衣服的功能超出了我的预期，很惊喜。
被图片骗了，实际衣服的质量很差，不值这个价。,0,负面,22,被图片骗了，实际衣服的质量很差，不值这个价。
用了没几天台灯的做工就出问题了，差评。，推荐！,0,负面,23,用了没几天台灯的做工就出问题了，差评。，推荐！
第二次回购了，书包的功能一如既往的好。,1,正面,19,第二次回购了，书包的功能一如既往的好。
退货了，衣服的尺寸完全不能用，浪费时间。,0,负面,20,退货了，衣服的尺寸完全不能用，浪费时间。
这个耳机的物流真的不行，不如实体店买。,0,负面,19,这个耳机的物流真的不行，不如实体店买。
给家人买的台灯，他们说外观很好。,1,正面,16,给家人买的台灯，他们说外观很好。
耳机的材质真的是太差了，一次糟糕的购物体验。,0,负面,22,耳机的材质真的是太差了，一次糟糕的购物体验。
这个手表的包装很差，和图片上的完全不一样。,0,负面,21,这个手表的包装很差，和图片上的完全不一样。
给家人买的电脑，他们说做工很好。,1,正面,16,给家人买的电脑，他们说做工很好。
台灯尺寸很差，根本不值这个价。,0,负面,15,台灯尺寸很差，根本不值这个价。
太坑了，充电宝的物流和描述完全不一样。,0,负面,19,太坑了，充电宝的物流和描述完全不一样。
充电宝的做工真的是太差了，一次糟糕的购物体验。,0,负面,23,充电宝的做工真的是太差了，一次糟糕的购物体验。
用了没几天台灯的包装就出问题了，差评。,0,负面,19,用了没几天台灯的包装就出问题了，差评。
第二次回购了，电脑的外观一如既往的好。,1,正面,19,第二次回购了，电脑的外观一如既往的好。
这个价钱买到这么好的手表，包装还这么好，太值了。！建议大家参考。,1,正面,32,这个价钱买到这么好的手表，包装还这么好，太值了。！建议大家参考。
这个鞋子的包装超出了我的预期，很惊喜。，不推荐！,1,正面,24,这个鞋子的包装超出了我的预期，很惊喜。，不推荐！
书包尺寸很差，根本不值这个价。,0,负面,15,书包尺寸很差，根本不值这个价。
台灯的材质真的是太差了，一次糟糕的购物体验。！建议大家参考。,0,负面,30,台灯的材质真的是太差了，一次糟糕的购物体验。！建议大家参考。
衣服的物流很好，做工精细，很喜欢。，不推荐！,1,正面,22,衣服的物流很好，做工精细，很喜欢。，不推荐！
书包的颜色超出预期，值得购买。,1,正面,15,书包的颜色超出预期，值得购买。
好评！电脑的物流很好，客服态度也好。,1,正面,18,好评！电脑的物流很好，客服态度也好。
物流慢也就算了，耳机的客服还这么差，差评。,0,负面,21,物流慢也就算了，耳机的客服还这么差，差评。
收到水杯了，客服很差，申请退货中。，推荐！,0,负面,21,收到水杯了，客服很差，申请退货中。，推荐！
太坑了，手表的颜色和描述完全不一样。,0,负面,18,太坑了，手表的颜色和描述完全不一样。
用了没几天鞋子的尺寸就出问题了，差评。,0,负面,19,用了没几天鞋子的尺寸就出问题了，差评。
性价比很高的书包，质量没让我失望。,1,正面,17,性价比很高的书包，质量没让我失望。
太坑了，电脑的质量和描述完全不一样。,0,负面,18,太坑了，电脑的质量和描述完全不一样。
物流慢也就算了，手表的包装还这么差，差评。，不推荐！,0,负面,26,物流慢也就算了，手表的包装还这么差，差评。，不推荐！
手机的材质超出预期，值得购买。,1,正面,15,手机的材质超出预期，值得购买。
这个衣服的尺寸不行，建议大家别买。,0,负面,17,这个衣服的尺寸不行，建议大家别买。
手表的外观很好，做工精细，很喜欢。！,1,正面,18,手表的外观很好，做工精细，很喜欢。！
这个衣服的价格很差，和图片上的完全不一样。,0,负面,21,这个衣服的价格很差，和图片上的完全不一样。
这个手表的颜色不错，推荐给大家。,1,正面,16,这个手表的颜色不错，推荐给大家。
耳机的外观很好，做工精细，很喜欢。,1,正面,17,耳机的外观很好，做工精细，很喜欢。
水杯的材质超出预期，值得购买。,1,正面,15,水杯的材质超出预期，值得购买。
买回来就发现电脑的材质有问题，很失望。,0,负面,19,买回来就发现电脑的材质有问题，很失望。
手表外观很棒，价格也合理，好评。,1,正面,16,手表外观很棒，价格也合理，好评。
客服态度差，充电宝的做工也有问题，体验很差。,0,负面,22,客服态度差，充电宝的做工也有问题，体验很差。
收到充电宝了，颜色很差，申请退货中。,0,负面,18,收到充电宝了，颜色很差，申请退货中。
好评！衣服的外观很好，客服态度也好。,1,正面,18,好评！衣服的外观很好，客服态度也好。
再也不在这家买了，耳机的价格太让人失望了。,0,负面,21,再也不在这家买了，耳机的价格太让人失望了。
第二次回购了，充电宝的材质一如既往的好。,1,正面,20,第二次回购了，充电宝的材质一如既往的好。
客服态度差，鞋子的材质也有问题，体验很差。,0,负面,21,客服态度差，鞋子的材质也有问题，体验很差。
客服态度差，鞋子的颜色也有问题，体验很差。,0,负面,21,客服态度差，鞋子的颜色也有问题，体验很差。
收到衣服了，物流很差，申请退货中。,0,负面,17,收到衣服了，物流很差，申请退货中。
买回来用了几天，电脑的功能确实好。,1,正面,17,买回来用了几天，电脑的功能确实好。
耳机的做工超出预期，值得购买。,1,正面,15,耳机的做工超出预期，值得购买。
买回来就发现衣服的颜色有问题，很失望。，不推荐！,0,负面,24,买回来就发现衣服的颜色有问题，很失望。，不推荐！
买回来就发现台灯的尺寸有问题，很失望。,0,负面,19,买回来就发现台灯的尺寸有问题，很失望。
太坑了，手机的功能和描述完全不一样。,0,负面,18,太坑了，手机的功能和描述完全不一样。
电脑的客服很好，物流也快，五星好评。，推荐！,1,正面,22,电脑的客服很好，物流也快，五星好评。，推荐！
买回来用了几天，鞋子的外观确实好。,1,正面,17,买回来用了几天，鞋子的外观确实好。
书包的颜色很好，物流也快，五星好评。,1,正面,18,书包的颜色很好，物流也快，五星好评。
耳机的质量很好，物流也快，五星好评。,1,正面,18,耳机的质量很好，物流也快，五星好评。
被图片骗了，实际书包的功能很差，不值这个价。，推荐！,0,负面,26,被图片骗了，实际书包的功能很差，不值这个价。，推荐！
耳机客服很棒，价格也合理，好评。，不推荐！,1,正面,21,耳机客服很棒，价格也合理，好评。，不推荐！
这个台灯的包装不行，建议大家别买。！,0,负面,18,这个台灯的包装不行，建议大家别买。！
太坑了，衣服的材质和描述完全不一样。。,0,负面,19,太坑了，衣服的材质和描述完全不一样。。
用了没几天充电宝的颜色就出问题了，差评。,0,负面,20,用了没几天充电宝的颜色就出问题了，差评。
对比了好几家才选的这家，书包的做工确实好。,1,正面,21,对比了好几家才选的这家，书包的做工确实好。
给家人买的鞋子，他们说功能很好。,1,正面,16,给家人买的鞋子，他们说功能很好。
这个充电宝的做工超出了我的预期，很惊喜。,1,正面,20,这个充电宝的做工超出了我的预期，很惊喜。
这个电脑的物流超出了我的预期，很惊喜。,1,正面,19,这个电脑的物流超出了我的预期，很惊喜。
这个电脑的包装不行，建议大家别买。,0,负面,17,这个电脑的包装不行，建议大家别买。
被图片骗了，实际充电宝的做工很差，不值这个价。,0,负面,23,被图片骗了，实际充电宝的做工很差，不值这个价。
性价比很高的水杯，价格没让我失望。,1,正面,17,性价比很高的水杯，价格没让我失望。
收到衣服了，颜色比想象中好，颜色也好看。,1,正面,20,收到衣服了，颜色比想象中好，颜色也好看。
手机的物流很好，物流也快，五星好评。,1,正面,18,手机的物流很好，物流也快，五星好评。
这个书包的做工超出了我的预期，很惊喜。,1,正面,19,这个书包的做工超出了我的预期，很惊喜。
充电宝的功能太差了，非常后悔。,0,负面,15,充电宝的功能太差了，非常后悔。
性价比很高的电脑，颜色没让我失望。,1,正面,17,性价比很高的电脑，颜色没让我失望。
收到衣服了，客服比想象中好，颜色也好看。,1,正面,20,收到衣服了，客服比想象中好，颜色也好看。
手表的物流太差了，非常后悔。,0,负面,14,手表的物流太差了，非常后悔。
被图片骗了，实际电脑的做工很差，不值这个价。,0,负面,22,被图片骗了，实际电脑的做工很差，不值这个价。
这个书包的质量不行，建议大家别买。,0,负面,17,这个书包的质量不行，建议大家别买。
书包的价格真的是太差了，一次糟糕的购物体验。,0,负面,22,书包的价格真的是太差了，一次糟糕的购物体验。
再也不在这家买了，台灯的质量太让人失望了。,0,负面,21,再也不在这家买了，台灯的质量太让人失望了。
再也不在这家买了，台灯的做工太让人失望了。，推荐！,0,负面,25,再也不在这家买了，台灯的做工太让人失望了。，推荐！
第二次回购了，水杯的颜色一如既往的好。。,1,正面,20,第二次回购了，水杯的颜色一如既往的好。。
收到衣服了，客服很差，申请退货中。！,0,负面,18,收到衣服了，客服很差，申请退货中。！
收到鞋子了，客服比想象中好，颜色也好看。，推荐！,1,正面,24,收到鞋子了，客服比想象中好，颜色也好看。，推荐！
衣服包装很棒，价格也合理，好评。,1,正面,16,衣服包装很棒，价格也合理，好评。
太坑了，电脑的做工和描述完全不一样。,0,负面,18,太坑了，电脑的做工和描述完全不一样。
第二次回购了，水杯的质量一如既往的好。，推荐！,1,正面,23,第二次回购了，水杯的质量一如既往的好。，推荐！
耳机价格很差，根本不值这个价。,0,负面,15,耳机价格很差，根本不值这个价。
手表的质量超出预期，值得购买。,1,正面,15,手表的质量超出预期，值得购买。
这个充电宝的价格真的不行，不如实体店买。,0,负面,20,这个充电宝的价格真的不行，不如实体店买。
收到耳机了，功能很差，申请退货中。，不推荐！,0,负面,22,收到耳机了，功能很差，申请退货中。，不推荐！
这个手表的包装不错，推荐给大家。,1,正面,16,这个手表的包装不错，推荐给大家。
给家人买的书包，他们说颜色很好。！,1,正面,17,给家人买的书包，他们说颜色很好。！
收到水杯了，做工比想象中好，颜色也好看。,1,正面,20,收到水杯了，做工比想象中好，颜色也好看。
物流慢也就算了，电脑的功能还这么差，差评。,0,负面,21,物流慢也就算了，电脑的功能还这么差，差评。
买回来就发现台灯的质量有问题，很失望。,0,负面,19,买回来就发现台灯的质量有问题，很失望。
这个价钱买到这么好的书包，价格还这么好，太值了。,1,正面,24,这个价钱买到这么好的书包，价格还这么好，太值了。
鞋子的功能真的是太差了，一次糟糕的购物体验。,0,负面,22,鞋子的功能真的是太差了，一次糟糕的购物体验。
再也不在这家买了，手机的物流太让人失望了。,0,负面,21,再也不在这家买了，手机的物流太让人失望了。
买回来就发现书包的包装有问题，很失望。,0,负面,19,买回来就发现书包的包装有问题，很失望。
这个耳机的材质很差，和图片上的完全不一样。,0,负面,21,这个耳机的材质很差，和图片上的完全不一样。
手机功能很好，很满意！,1,正面,11,手机功能很好，很满意！
这个水杯的质量超出了我的预期，很惊喜。,1,正面,19,这个水杯的质量超出了我的预期，很惊喜。
电脑功能很棒，价格也合理，好评。,1,正面,16,电脑功能很棒，价格也合理，好评。
手表包装很差，根本不值这个价。,0,负面,15,手表包装很差，根本不值这个价。
这个耳机的质量超出了我的预期，很惊喜。，不推荐！,1,正面,24,这个耳机的质量超出了我的预期，很惊喜。，不推荐！
鞋子功能很差，根本不值这个价。,0,负面,15,鞋子功能很差，根本不值这个价。
被图片骗了，实际衣服的价格很差，不值这个价。！建议大家参考。,0,负面,30,被图片骗了，实际衣服的价格很差，不值这个价。！建议大家参考。
这个价钱买到这么好的衣服，颜色还这么好，太值了。,1,正面,24,这个价钱买到这么好的衣服，颜色还这么好，太值了。
鞋子的尺寸真的是太差了，一次糟糕的购物体验。,0,负面,22,鞋子的尺寸真的是太差了，一次糟糕的购物体验。
台灯客服很棒，价格也合理，好评。,1,正面,16,台灯客服很棒，价格也合理，好评。
书包的包装太差了，非常后悔。,0,负面,14,书包的包装太差了，非常后悔。
电脑的功能很好，做工精细，很喜欢。,1,正面,17,电脑的功能很好，做工精细，很喜欢。
手表的价格很好，物流也快，五星好评。,1,正面,18,手表的价格很好，物流也快，五星好评。
买回来用了几天，衣服的材质确实好。。,1,正面,18,买回来用了几天，衣服的材质确实好。。
物流慢也就算了，书包的做工还这么差，差评。,0,负面,21,物流慢也就算了，书包的做工还这么差，差评。
电脑的物流很好，做工精细，很喜欢。,1,正面,17,电脑的物流很好，做工精细，很喜欢。
对比了好几家才选的这家，衣服的质量确实好。！,1,正面,22,对比了好几家才选的这家，衣服的质量确实好。！
太坑了，书包的尺寸和描述完全不一样。,0,负面,18,太坑了，书包的尺寸和描述完全不一样。
衣服外观很棒，价格也合理，好评。！建议大家参考。,1,正面,24,衣服外观很棒，价格也合理，好评。！建议大家参考。
第二次回购了，手机的功能一如既往的好。,1,正面,19,第二次回购了，手机的功能一如既往的好。
充电宝物流很差，根本不值这个价。,0,负面,16,充电宝物流很差，根本不值这个价。
买回来用了几天，书包的包装确实好。,1,正面,17,买回来用了几天，书包的包装确实好。
再也不在这家买了，书包的质量太让人失望了。,0,负面,21,再也不在这家买了，书包的质量太让人失望了。
这个电脑的做工超出了我的预期，很惊喜。,1,正面,19,这个电脑的做工超出了我的预期，很惊喜。
第二次回购了，台灯的客服一如既往的好。,1,正面,19,第二次回购了，台灯的客服一如既往的好。
买回来就发现书包的价格有问题，很失望。,0,负面,19,买回来就发现书包的价格有问题，很失望。
书包的质量很好，物流也快，五星好评。。,1,正面,19,书包的质量很好，物流也快，五星好评。。
用了没几天手机的尺寸就出问题了，差评。,0,负面,19,用了没几天手机的尺寸就出问题了，差评。
书包的质量太差了，非常后悔。,0,负面,14,书包的质量太差了，非常后悔。
这个手表的质量真的不行，不如实体店买。,0,负面,19,这个手表的质量真的不行，不如实体店买。
用了没几天手机的价格就出问题了，差评。,0,负面,19,用了没几天手机的价格就出问题了，差评。
太坑了，鞋子的客服和描述完全不一样。,0,负面,18,太坑了，鞋子的客服和描述完全不一样。
这个耳机的客服不行，建议大家别买。,0,负面,17,这个耳机的客服不行，建议大家别买。
这个书包的物流不错，推荐给大家。,1,正面,16,这个书包的物流不错，推荐给大家。
这个鞋子的功能超出了我的预期，很惊喜。,1,正面,19,这个鞋子的功能超出了我的预期，很惊喜。
买回来就发现充电宝的尺寸有问题，很失望。,0,负面,20,买回来就发现充电宝的尺寸有问题，很失望。
充电宝的材质很好，物流也快，五星好评。,1,正面,19,充电宝的材质很好，物流也快，五星好评。
手表的客服很好，物流也快，五星好评。！建议大家参考。,1,正面,26,手表的客服很好，物流也快，五星好评。！建议大家参考。
给家人买的手机，他们说客服很好。,1,正面,16,给家人买的手机，他们说客服很好。
被图片骗了，实际衣服的物流很差，不值这个价。,0,负面,22,被图片骗了，实际衣服的物流很差，不值这个价。
太坑了，书包的客服和描述完全不一样。,0,负面,18,太坑了，书包的客服和描述完全不一样。
对比了好几家才选的这家，充电宝的功能确实好。，不推荐！,1,正面,27,对比了好几家才选的这家，充电宝的功能确实好。，不推荐！
好评！鞋子的颜色很好，客服态度也好。,1,正面,18,好评！鞋子的颜色很好，客服态度也好。
对比了好几家才选的这家，台灯的客服确实好。！,1,正面,22,对比了好几家才选的这家，台灯的客服确实好。！
书包的物流很好，做工精细，很喜欢。,1,正面,17,书包的物流很好，做工精细，很喜欢。
这个充电宝的颜色超出了我的预期，很惊喜。,1,正面,20,这个充电宝的颜色超出了我的预期，很惊喜。
这个台灯的价格真的不行，不如实体店买。,0,负面,19,这个台灯的价格真的不行，不如实体店买。
这个价钱买到这么好的手表，外观还这么好，太值了。,1,正面,24,这个价钱买到这么好的手表，外观还这么好，太值了。
好评！耳机的价格很好，客服态度也好。,1,正面,18,好评！耳机的价格很好，客服态度也好。
收到水杯了，包装很差，申请退货中。,0,负面,17,收到水杯了，包装很差，申请退货中。
这个鞋子的做工很差，和图片上的完全不一样。,0,负面,21,这个鞋子的做工很差，和图片上的完全不一样。
买回来用了几天，充电宝的外观确实好。,1,正面,18,买回来用了几天，充电宝的外观确实好。
这个台灯的尺寸不行，建议大家别买。,0,负面,17,这个台灯的尺寸不行，建议大家别买。
这个手表的价格不错，推荐给大家。,1,正面,16,这个手表的价格不错，推荐给大家。
给家人买的充电宝，他们说质量很好。,1,正面,17,给家人买的充电宝，他们说质量很好。
客服态度差，手机的价格也有问题，体验很差。,0,负面,21,客服态度差，手机的价格也有问题，体验很差。
好评！手表的质量很好，客服态度也好。。,1,正面,19,好评！手表的质量很好，客服态度也好。。
买回来就发现台灯的功能有问题，很失望。。,0,负面,20,买回来就发现台灯的功能有问题，很失望。。
这个耳机的功能很差，和图片上的完全不一样。,0,负面,21,这个耳机的功能很差，和图片上的完全不一样。
耳机的价格超出预期，值得购买。,1,正面,15,耳机的价格超出预期，值得购买。
好评！衣服的功能很好，客服态度也好。！,1,正面,19,好评！衣服的功能很好，客服态度也好。！
这个耳机的尺寸真的不行，不如实体店买。，推荐！,0,负面,23,这个耳机的尺寸真的不行，不如实体店买。，推荐！
买回来就发现手机的尺寸有问题，很失望。,0,负面,19,买回来就发现手机的尺寸有问题，很失望。
第二次回购了，手表的做工一如既往的好。,1,正面,19,第二次回购了，手表的做工一如既往的好。
用了没几天书包的质量就出问题了，差评。。,0,负面,20,用了没几天书包的质量就出问题了，差评。。
客服态度差，耳机的包装也有问题，体验很差。,0,负面,21,客服态度差，耳机的包装也有问题，体验很差。
买回来用了几天，台灯的功能确实好。,1,正面,17,买回来用了几天，台灯的功能确实好。
充电宝功能很好，很满意！,1,正面,12,充电宝功能很好，很满意！
衣服的物流真的是太差了，一次糟糕的购物体验。,0,负面,22,衣服的物流真的是太差了，一次糟糕的购物体验。
被图片骗了，实际电脑的材质很差，不值这个价。,0,负面,22,被图片骗了，实际电脑的材质很差，不值这个价。
手机的包装超出预期，值得购买。。,1,正面,16,手机的包装超出预期，值得购买。。
书包的功能很好，做工精细，很喜欢。,1,正面,17,书包的功能很好，做工精细，很喜欢。
再也不在这家买了，电脑的功能太让人失望了。，不推荐！,0,负面,26,再也不在这家买了，电脑的功能太让人失望了。，不推荐！
给家人买的鞋子，他们说价格很好。,1,正面,16,给家人买的鞋子，他们说价格很好。
这个手机的物流很差，和图片上的完全不一样。！建议大家参考。,0,负面,29,这个手机的物流很差，和图片上的完全不一样。！建议大家参考。
第二次回购了，充电宝的价格一如既往的好。。,1,正面,21,第二次回购了，充电宝的价格一如既往的好。。
这个台灯的颜色真的不行，不如实体店买。,0,负面,19,这个台灯的颜色真的不行，不如实体店买。
书包的客服真的是太差了，一次糟糕的购物体验。,0,负面,22,书包的客服真的是太差了，一次糟糕的购物体验。
耳机的颜色太差了，非常后悔。,0,负面,14,耳机的颜色太差了，非常后悔。
收到手表了，质量比想象中好，颜色也好看。,1,正面,20,收到手表了，质量比想象中好，颜色也好看。
买回来用了几天，书包的外观确实好。,1,正面,17,买回来用了几天，书包的外观确实好。
书包质量很棒，价格也合理，好评。,1,正面,16,书包质量很棒，价格也合理，好评。
充电宝的价格超出预期，值得购买。,1,正面,16,充电宝的价格超出预期，值得购买。
书包的外观很好，做工精细，很喜欢。,1,正面,17,书包的外观很好，做工精细，很喜欢。
物流慢也就算了，衣服的颜色还这么差，差评。,0,负面,21,物流慢也就算了，衣服的颜色还这么差，差评。
客服态度差，衣服的颜色也有问题，体验很差。,0,负面,21,客服态度差，衣服的颜色也有问题，体验很差。
买回来用了几天，水杯的材质确实好。,1,正面,17,买回来用了几天，水杯的材质确实好。
买回来用了几天，衣服的颜色确实好。,1,正面,17,买回来用了几天，衣服的颜色确实好。
这个台灯的颜色不行，建议大家别买。,0,负面,17,这个台灯的颜色不行，建议大家别买。
书包的功能太差了，非常后悔。,0,负面,14,书包的功能太差了，非常后悔。
退货了，衣服的物流完全不能用，浪费时间。,0,负面,20,退货了，衣服的物流完全不能用，浪费时间。
客服态度差，书包的质量也有问题，体验很差。,0,负面,21,客服态度差，书包的质量也有问题，体验很差。
这个充电宝的功能超出了我的预期，很惊喜。,1,正面,20,这个充电宝的功能超出了我的预期，很惊喜。
耳机的价格太差了，非常后悔。,0,负面,14,耳机的价格太差了，非常后悔。
书包的物流很好，物流也快，五星好评。。,1,正面,19,书包的物流很好，物流也快，五星好评。。
用了没几天充电宝的功能就出问题了，差评。,0,负面,20,用了没几天充电宝的功能就出问题了，差评。
再也不在这家买了，台灯的包装太让人失望了。,0,负面,21,再也不在这家买了，台灯的包装太让人失望了。
台灯外观很棒，价格也合理，好评。。,1,正面,17,台灯外观很棒，价格也合理，好评。。
耳机的功能太差了，非常后悔。,0,负面,14,耳机的功能太差了，非常后悔。
这个电脑的价格不行，建议大家别买。。,0,负面,18,这个电脑的价格不行，建议大家别买。。
用了没几天电脑的做工就出问题了，差评。,0,负面,19,用了没几天电脑的做工就出问题了，差评。
这个充电宝的做工不错，推荐给大家。,1,正面,17,这个充电宝的做工不错，推荐给大家。
被图片骗了，实际水杯的价格很差，不值这个价。,0,负面,22,被图片骗了，实际水杯的价格很差，不值这个价。
第二次回购了，耳机的外观一如既往的好。,1,正面,19,第二次回购了，耳机的外观一如既往的好。
鞋子的客服超出预期，值得购买。,1,正面,15,鞋子的客服超出预期，值得购买。
第二次回购了，电脑的客服一如既往的好。,1,正面,19,第二次回购了，电脑的客服一如既往的好。
这个书包的质量不错，推荐给大家。,1,正面,16,这个书包的质量不错，推荐给大家。
这个鞋子的质量超出了我的预期，很惊喜。,1,正面,19,这个鞋子的质量超出了我的预期，很惊喜。
手表的物流很好，物流也快，五星好评。,1,正面,18,手表的物流很好，物流也快，五星好评。
买回来就发现衣服的价格有问题，很失望。,0,负面,19,买回来就发现衣服的价格有问题，很失望。
这个充电宝的价格不错，推荐给大家。,1,正面,17,这个充电宝的价格不错，推荐给大家。
这个价钱买到这么好的书包，质量还这么好，太值了。。,1,正面,25,这个价钱买到这么好的书包，质量还这么好，太值了。。
给家人买的充电宝，他们说外观很好。,1,正面,17,给家人买的充电宝，他们说外观很好。
书包的物流超出预期，值得购买。,1,正面,15,书包的物流超出预期，值得购买。
衣服的包装超出预期，值得购买。,1,正面,15,衣服的包装超出预期，值得购买。
对比了好几家才选的这家，衣服的包装确实好。,1,正面,21,对比了好几家才选的这家，衣服的包装确实好。
耳机的尺寸真的是太差了，一次糟糕的购物体验。,0,负面,22,耳机的尺寸真的是太差了，一次糟糕的购物体验。
买回来就发现电脑的物流有问题，很失望。,0,负面,19,买回来就发现电脑的物流有问题，很失望。
用了没几天手机的尺寸就出问题了，差评。，不推荐！,0,负面,24,用了没几天手机的尺寸就出问题了，差评。，不推荐！
退货了，耳机的客服完全不能用，浪费时间。,0,负面,20,退货了，耳机的客服完全不能用，浪费时间。
这个充电宝的材质超出了我的预期，很惊喜。,1,正面,20,这个充电宝的材质超出了我的预期，很惊喜。
退货了，手机的客服完全不能用，浪费时间。,0,负面,20,退货了，手机的客服完全不能用，浪费时间。
这个价钱买到这么好的手机，客服还这么好，太值了。,1,正面,24,这个价钱买到这么好的手机，客服还这么好，太值了。
客服态度差，手机的颜色也有问题，体验很差。,0,负面,21,客服态度差，手机的颜色也有问题，体验很差。
充电宝客服很差，根本不值这个价。，推荐！,0,负面,20,充电宝客服很差，根本不值这个价。，推荐！
对比了好几家才选的这家，台灯的价格确实好。,1,正面,21,对比了好几家才选的这家，台灯的价格确实好。
这个充电宝的价格不错，推荐给大家。，推荐！,1,正面,21,这个充电宝的价格不错，推荐给大家。，推荐！
收到书包了，功能很差，申请退货中。,0,负面,17,收到书包了，功能很差，申请退货中。
收到水杯了，客服比想象中好，颜色也好看。,1,正面,20,收到水杯了，客服比想象中好，颜色也好看。
这个书包的材质很差，和图片上的完全不一样。,0,负面,21,这个书包的材质很差，和图片上的完全不一样。
客服态度差，衣服的尺寸也有问题，体验很差。,0,负面,21,客服态度差，衣服的尺寸也有问题，体验很差。
鞋子的质量太差了，非常后悔。,0,负面,14,鞋子的质量太差了，非常后悔。
收到充电宝了，价格很差，申请退货中。,0,负面,18,收到充电宝了，价格很差，申请退货中。
衣服的功能很好，做工精细，很喜欢。，不推荐！,1,正面,22,衣服的功能很好，做工精细，很喜欢。，不推荐！
对比了好几家才选的这家，书包的客服确实好。,1,正面,21,对比了好几家才选的这家，书包的客服确实好。
对比了好几家才选的这家，电脑的材质确实好。！,1,正面,22,对比了好几家才选的这家，电脑的材质确实好。！
太坑了，手表的质量和描述完全不一样。,0,负面,18,太坑了，手表的质量和描述完全不一样。
收到台灯了，尺寸很差，申请退货中。,0,负面,17,收到台灯了，尺寸很差，申请退货中。
收到书包了，包装很差，申请退货中。,0,负面,17,收到书包了，包装很差，申请退货中。
好评！电脑的颜色很好，客服态度也好。,1,正面,18,好评！电脑的颜色很好，客服态度也好。
收到鞋子了，颜色很差，申请退货中。,0,负面,17,收到鞋子了，颜色很差，申请退货中。
太坑了，充电宝的做工和描述完全不一样。,0,负面,19,太坑了，充电宝的做工和描述完全不一样。
买回来用了几天，书包的材质确实好。,1,正面,17,买回来用了几天，书包的材质确实好。
被图片骗了，实际鞋子的价格很差，不值这个价。,0,负面,22,被图片骗了，实际鞋子的价格很差，不值这个价。
这个书包的功能真的不行，不如实体店买。,0,负面,19,这个书包的功能真的不行，不如实体店买。
衣服的客服真的是太差了，一次糟糕的购物体验。,0,负面,22,衣服的客服真的是太差了，一次糟糕的购物体验。
性价比很高的手机，客服没让我失望。,1,正面,17,性价比很高的手机，客服没让我失望。
客服态度差，手表的尺寸也有问题，体验很差。,0,负面,21,客服态度差，手表的尺寸也有问题，体验很差。
耳机颜色很棒，价格也合理，好评。,1,正面,16,耳机颜色很棒，价格也合理，好评。
对比了好几家才选的这家，台灯的包装确实好。,1,正面,21,对比了好几家才选的这家，台灯的包装确实好。
衣服的包装很好，物流也快，五星好评。,1,正面,18,衣服的包装很好，物流也快，五星好评。
水杯的包装超出预期，值得购买。,1,正面,15,水杯的包装超出预期，值得购买。
手机的价格很好，做工精细，很喜欢。,1,正面,17,手机的价格很好，做工精细，很喜欢。
手机的颜色太差了，非常后悔。,0,负面,14,手机的颜色太差了，非常后悔。
太坑了，充电宝的客服和描述完全不一样。，推荐！,0,负面,23,太坑了，充电宝的客服和描述完全不一样。，推荐！
物流慢也就算了，衣服的价格还这么差，差评。,0,负面,21,物流慢也就算了，衣服的价格还这么差，差评。
给家人买的电脑，他们说价格很好。，推荐！,1,正面,20,给家人买的电脑，他们说价格很好。，推荐！
再也不在这家买了，鞋子的物流太让人失望了。,0,负面,21,再也不在这家买了，鞋子的物流太让人失望了。
再也不在这家买了，鞋子的尺寸太让人失望了。,0,负面,21,再也不在这家买了，鞋子的尺寸太让人失望了。
退货了，手表的包装完全不能用，浪费时间。,0,负面,20,退货了，手表的包装完全不能用，浪费时间。
收到耳机了，尺寸很差，申请退货中。,0,负面,17,收到耳机了，尺寸很差，申请退货中。
收到手机了，做工很差，申请退货中。,0,负面,17,收到手机了，做工很差，申请退货中。
这个鞋子的材质超出了我的预期，很惊喜。,1,正面,19,这个鞋子的材质超出了我的预期，很惊喜。
物流慢也就算了，手表的做工还这么差，差评。,0,负面,21,物流慢也就算了，手表的做工还这么差，差评。
这个电脑的质量不错，推荐给大家。,1,正面,16,这个电脑的质量不错，推荐给大家。
这个手机的物流不行，建议大家别买。,0,负面,17,这个手机的物流不行，建议大家别买。
给家人买的书包，他们说物流很好。,1,正面,16,给家人买的书包，他们说物流很好。
台灯的客服超出预期，值得购买。,1,正面,15,台灯的客服超出预期，值得购买。
退货了，耳机的颜色完全不能用，浪费时间。,0,负面,20,退货了，耳机的颜色完全不能用，浪费时间。
这个鞋子的包装超出了我的预期，很惊喜。,1,正面,19,这个鞋子的包装超出了我的预期，很惊喜。
这个台灯的质量真的不行，不如实体店买。，不推荐！,0,负面,24,这个台灯的质量真的不行，不如实体店买。，不推荐！
充电宝的材质真的是太差了，一次糟糕的购物体验。,0,负面,23,充电宝的材质真的是太差了，一次糟糕的购物体验。
被图片骗了，实际手表的质量很差，不值这个价。,0,负面,22,被图片骗了，实际手表的质量很差，不值这个价。
电脑物流很好，很满意！,1,正面,11,电脑物流很好，很满意！
水杯的包装真的是太差了，一次糟糕的购物体验。,0,负面,22,水杯的包装真的是太差了，一次糟糕的购物体验。
书包价格很棒，价格也合理，好评。，不推荐！,1,正面,21,书包价格很棒，价格也合理，好评。，不推荐！
买回来用了几天，书包的颜色确实好。,1,正面,17,买回来用了几天，书包的颜色确实好。
收到书包了，包装比想象中好，颜色也好看。,1,正面,20,收到书包了，包装比想象中好，颜色也好看。
用了没几天台灯的颜色就出问题了，差评。,0,负面,19,用了没几天台灯的颜色就出问题了，差评。
第二次回购了，耳机的材质一如既往的好。,1,正面,19,第二次回购了，耳机的材质一如既往的好。
退货了，衣服的尺寸完全不能用，浪费时间。！建议大家参考。,0,负面,28,退货了，衣服的尺寸完全不能用，浪费时间。！建议大家参考。
这个书包的尺寸真的不行，不如实体店买。。,0,负面,20,这个书包的尺寸真的不行，不如实体店买。。
买回来就发现充电宝的质量有问题，很失望。！,0,负面,21,买回来就发现充电宝的质量有问题，很失望。！
电脑的质量很好，做工精细，很喜欢。,1,正面,17,电脑的质量很好，做工精细，很喜欢。
这个衣服的材质不错，推荐给大家。，不推荐！,1,正面,21,这个衣服的材质不错，推荐给大家。，不推荐！
手机的颜色超出预期，值得购买。,1,正面,15,手机的颜色超出预期，值得购买。
好评！水杯的物流很好，客服态度也好。,1,正面,18,好评！水杯的物流很好，客服态度也好。
给家人买的台灯，他们说做工很好。,1,正面,16,给家人买的台灯，他们说做工很好。
买回来就发现书包的材质有问题，很失望。,0,负面,19,买回来就发现书包的材质有问题，很失望。
这个鞋子的材质不错，推荐给大家。,1,正面,16,这个鞋子的材质不错，推荐给大家。
这个充电宝的材质真的不行，不如实体店买。,0,负面,20,这个充电宝的材质真的不行，不如实体店买。
客服态度差，台灯的做工也有问题，体验很差。,0,负面,21,客服态度差，台灯的做工也有问题，体验很差。
鞋子的质量很好，做工精细，很喜欢。,1,正面,17,鞋子的质量很好，做工精细，很喜欢。
收到书包了，价格比想象中好，颜色也好看。,1,正面,20,收到书包了，价格比想象中好，颜色也好看。
这个价钱买到这么好的手表，价格还这么好，太值了。,1,正面,24,这个价钱买到这么好的手表，价格还这么好，太值了。
物流慢也就算了，手机的质量还这么差，差评。,0,负面,21,物流慢也就算了，手机的质量还这么差，差评。
书包材质很好，很满意！。,1,正面,12,书包材质很好，很满意！。
收到水杯了，价格比想象中好，颜色也好看。,1,正面,20,收到水杯了，价格比想象中好，颜色也好看。
客服态度差，充电宝的尺寸也有问题，体验很差。,0,负面,22,客服态度差，充电宝的尺寸也有问题，体验很差。
性价比很高的书包，物流没让我失望。。,1,正面,18,性价比很高的书包，物流没让我失望。。
耳机的质量超出预期，值得购买。,1,正面,15,耳机的质量超出预期，值得购买。
性价比很高的书包，功能没让我失望。,1,正面,17,性价比很高的书包，功能没让我失望。
买回来用了几天，台灯的包装确实好。,1,正面,17,买回来用了几天，台灯的包装确实好。
收到衣服了，包装比想象中好，颜色也好看。,1,正面,20,收到衣服了，包装比想象中好，颜色也好看。
手表物流很差，根本不值这个价。,0,负面,15,手表物流很差，根本不值这个价。
充电宝的做工真的是太差了，一次糟糕的购物体验。，推荐！,0,负面,27,充电宝的做工真的是太差了，一次糟糕的购物体验。，推荐！
对比了好几家才选的这家，水杯的功能确实好。,1,正面,21,对比了好几家才选的这家，水杯的功能确实好。
这个电脑的质量不行，建议大家别买。,0,负面,17,这个电脑的质量不行，建议大家别买。
对比了好几家才选的这家，手机的颜色确实好。，不推荐！,1,正面,26,对比了好几家才选的这家，手机的颜色确实好。，不推荐！
买回来用了几天，手表的质量确实好。,1,正面,17,买回来用了几天，手表的质量确实好。
用了没几天充电宝的质量就出问题了，差评。,0,负面,20,用了没几天充电宝的质量就出问题了，差评。
这个鞋子的做工不行，建议大家别买。，不推荐！,0,负面,22,这个鞋子的做工不行，建议大家别买。，不推荐！
这个手表的价格很差，和图片上的完全不一样。,0,负面,21,这个手表的价格很差，和图片上的完全不一样。
退货了，鞋子的功能完全不能用，浪费时间。！建议大家参考。,0,负面,28,退货了，鞋子的功能完全不能用，浪费时间。！建议大家参考。
这个充电宝的客服超出了我的预期，很惊喜。,1,正面,20,这个充电宝的客服超出了我的预期，很惊喜。
被图片骗了，实际耳机的物流很差，不值这个价。，不推荐！,0,负面,27,被图片骗了，实际耳机的物流很差，不值这个价。，不推荐！
鞋子的客服很好，做工精细，很喜欢。,1,正面,17,鞋子的客服很好，做工精细，很喜欢。
第二次回购了，耳机的做工一如既往的好。,1,正面,19,第二次回购了，耳机的做工一如既往的好。
这个手表的价格超出了我的预期，很惊喜。,1,正面,19,这个手表的价格超出了我的预期，很惊喜。
书包的材质真的是太差了，一次糟糕的购物体验。！,0,负面,23,书包的材质真的是太差了，一次糟糕的购物体验。！
好评！书包的颜色很好，客服态度也好。，推荐！,1,正面,22,好评！书包的颜色很好，客服态度也好。，推荐！
收到电脑了，功能很差，申请退货中。,0,负面,17,收到电脑了，功能很差，申请退货中。
这个充电宝的包装不错，推荐给大家。,1,正面,17,这个充电宝的包装不错，推荐给大家。
太坑了，耳机的客服和描述完全不一样。,0,负面,18,太坑了，耳机的客服和描述完全不一样。
物流慢也就算了，鞋子的颜色还这么差，差评。,0,负面,21,物流慢也就算了，鞋子的颜色还这么差，差评。
这个手机的尺寸很差，和图片上的完全不一样。,0,负面,21,这个手机的尺寸很差，和图片上的完全不一样。
物流慢也就算了，充电宝的价格还这么差，差评。,0,负面,22,物流慢也就算了，充电宝的价格还这么差，差评。
这个手表的质量很差，和图片上的完全不一样。,0,负面,21,这个手表的质量很差，和图片上的完全不一样。
物流慢也就算了，手表的功能还这么差，差评。，推荐！,0,负面,25,物流慢也就算了，手表的功能还这么差，差评。，推荐！
客服态度差，水杯的尺寸也有问题，体验很差。,0,负面,21,客服态度差，水杯的尺寸也有问题，体验很差。
书包的做工太差了，非常后悔。,0,负面,14,书包的做工太差了，非常后悔。
书包颜色很差，根本不值这个价。,0,负面,15,书包颜色很差，根本不值这个价。
退货了，水杯的尺寸完全不能用，浪费时间。，推荐！,0,负面,24,退货了，水杯的尺寸完全不能用，浪费时间。，推荐！
再也不在这家买了，书包的功能太让人失望了。,0,负面,21,再也不在这家买了，书包的功能太让人失望了。
手表的物流很好，做工精细，很喜欢。！建议大家参考。,1,正面,25,手表的物流很好，做工精细，很喜欢。！建议大家参考。
用了没几天书包的价格就出问题了，差评。,0,负面,19,用了没几天书包的价格就出问题了，差评。
再也不在这家买了，手表的颜色太让人失望了。,0,负面,21,再也不在这家买了，手表的颜色太让人失望了。
这个充电宝的功能不行，建议大家别买。,0,负面,18,这个充电宝的功能不行，建议大家别买。
被图片骗了，实际水杯的质量很差，不值这个价。，不推荐！,0,负面,27,被图片骗了，实际水杯的质量很差，不值这个价。，不推荐！
这个书包的材质不行，建议大家别买。,0,负面,17,这个书包的材质不行，建议大家别买。
这个衣服的客服不行，建议大家别买。！,0,负面,18,这个衣服的客服不行，建议大家别买。！
这个书包的价格不行，建议大家别买。,0,负面,17,这个书包的价格不行，建议大家别买。
对比了好几家才选的这家，鞋子的材质确实好。,1,正面,21,对比了好几家才选的这家，鞋子的材质确实好。
充电宝功能很棒，价格也合理，好评。,1,正面,17,充电宝功能很棒，价格也合理，好评。
这个耳机的材质不行，建议大家别买。,0,负面,17,这个耳机的材质不行，建议大家别买。
再也不在这家买了，耳机的物流太让人失望了。,0,负面,21,再也不在这家买了，耳机的物流太让人失望了。
耳机的价格真的是太差了，一次糟糕的购物体验。,0,负面,22,耳机的价格真的是太差了，一次糟糕的购物体验。
耳机的客服超出预期，值得购买。,1,正面,15,耳机的客服超出预期，值得购买。
充电宝的物流很好，做工精细，很喜欢。,1,正面,18,充电宝的物流很好，做工精细，很喜欢。
水杯的外观很好，做工精细，很喜欢。,1,正面,17,水杯的外观很好，做工精细，很喜欢。
太坑了，充电宝的价格和描述完全不一样。，推荐！,0,负面,23,太坑了，充电宝的价格和描述完全不一样。，推荐！
这个耳机的材质超出了我的预期，很惊喜。,1,正面,19,这个耳机的材质超出了我的预期，很惊喜。
第二次回购了，电脑的物流一如既往的好。,1,正面,19,第二次回购了，电脑的物流一如既往的好。
电脑颜色很棒，价格也合理，好评。,1,正面,16,电脑颜色很棒，价格也合理，好评。
这个书包的包装不行，建议大家别买。,0,负面,17,这个书包的包装不行，建议大家别买。
耳机外观很好，很满意！,1,正面,11,耳机外观很好，很满意！
太坑了，书包的客服和描述完全不一样。，不推荐！,0,负面,23,太坑了，书包的客服和描述完全不一样。，不推荐！
第二次回购了，手机的价格一如既往的好。,1,正面,19,第二次回购了，手机的价格一如既往的好。
充电宝的材质太差了，非常后悔。,0,负面,15,充电宝的材质太差了，非常后悔。
手表价格很棒，价格也合理，好评。,1,正面,16,手表价格很棒，价格也合理，好评。
这个衣服的做工很差，和图片上的完全不一样。,0,负面,21,这个衣服的做工很差，和图片上的完全不一样。
再也不在这家买了，充电宝的尺寸太让人失望了。,0,负面,22,再也不在这家买了，充电宝的尺寸太让人失望了。
电脑功能很好，很满意！,1,正面,11,电脑功能很好，很满意！
这个电脑的颜色很差，和图片上的完全不一样。,0,负面,21,这个电脑的颜色很差，和图片上的完全不一样。
书包质量很差，根本不值这个价。,0,负面,15,书包质量很差，根本不值这个价。
太坑了，水杯的物流和描述完全不一样。,0,负面,18,太坑了，水杯的物流和描述完全不一样。
这个鞋子的客服很差，和图片上的完全不一样。,0,负面,21,这个鞋子的客服很差，和图片上的完全不一样。
书包的物流真的是太差了，一次糟糕的购物体验。,0,负面,22,书包的物流真的是太差了，一次糟糕的购物体验。
台灯的尺寸真的是太差了，一次糟糕的购物体验。,0,负面,22,台灯的尺寸真的是太差了，一次糟糕的购物体验。
收到充电宝了，客服比想象中好，颜色也好看。，推荐！,1,正面,25,收到充电宝了，客服比想象中好，颜色也好看。，推荐！
太坑了，台灯的包装和描述完全不一样。,0,负面,18,太坑了，台灯的包装和描述完全不一样。
这个鞋子的颜色不行，建议大家别买。,0,负面,17,这个鞋子的颜色不行，建议大家别买。
给家人买的鞋子，他们说外观很好。，不推荐！,1,正面,21,给家人买的鞋子，他们说外观很好。，不推荐！
第二次回购了，充电宝的功能一如既往的好。,1,正面,20,第二次回购了，充电宝的功能一如既往的好。
书包包装很差，根本不值这个价。,0,负面,15,书包包装很差，根本不值这个价。
用了没几天充电宝的尺寸就出问题了，差评。,0,负面,20,用了没几天充电宝的尺寸就出问题了，差评。
对比了好几家才选的这家，耳机的客服确实好。,1,正面,21,对比了好几家才选的这家，耳机的客服确实好。
电脑质量很棒，价格也合理，好评。,1,正面,16,电脑质量很棒，价格也合理，好评。
这个价钱买到这么好的鞋子，客服还这么好，太值了。,1,正面,24,这个价钱买到这么好的鞋子，客服还这么好，太值了。
退货了，耳机的包装完全不能用，浪费时间。,0,负面,20,退货了，耳机的包装完全不能用，浪费时间。
再也不在这家买了，手表的材质太让人失望了。,0,负面,21,再也不在这家买了，手表的材质太让人失望了。
鞋子的功能超出预期，值得购买。,1,正面,15,鞋子的功能超出预期，值得购买。
充电宝的包装真的是太差了，一次糟糕的购物体验。,0,负面,23,充电宝的包装真的是太差了，一次糟糕的购物体验。
收到充电宝了，外观比想象中好，颜色也好看。！建议大家参考。,1,正面,29,收到充电宝了，外观比想象中好，颜色也好看。！建议大家参考。
这个电脑的物流不错，推荐给大家。,1,正面,16,这个电脑的物流不错，推荐给大家。
物流慢也就算了，耳机的质量还这么差，差评。,0,负面,21,物流慢也就算了，耳机的质量还这么差，差评。
客服态度差，手机的功能也有问题，体验很差。,0,负面,21,客服态度差，手机的功能也有问题，体验很差。
物流慢也就算了，充电宝的客服还这么差，差评。,0,负面,22,物流慢也就算了，充电宝的客服还这么差，差评。
耳机质量很棒，价格也合理，好评。,1,正面,16,耳机质量很棒，价格也合理，好评。
第二次回购了，手表的功能一如既往的好。,1,正面,19,第二次回购了，手表的功能一如既往的好。
这个电脑的价格不错，推荐给大家。,1,正面,16,这个电脑的价格不错，推荐给大家。
再也不在这家买了，衣服的尺寸太让人失望了。,0,负面,21,再也不在这家买了，衣服的尺寸太让人失望了。
给家人买的水杯，他们说材质很好。,1,正面,16,给家人买的水杯，他们说材质很好。
买回来就发现书包的客服有问题，很失望。,0,负面,19,买回来就发现书包的客服有问题，很失望。
好评！水杯的材质很好，客服态度也好。！,1,正面,19,好评！水杯的材质很好，客服态度也好。！
第二次回购了，充电宝的外观一如既往的好。,1,正面,20,第二次回购了，充电宝的外观一如既往的好。
耳机的材质很好，做工精细，很喜欢。,1,正面,17,耳机的材质很好，做工精细，很喜欢。
客服态度差，水杯的做工也有问题，体验很差。,0,负面,21,客服态度差，水杯的做工也有问题，体验很差。
收到手表了，材质比想象中好，颜色也好看。,1,正面,20,收到手表了，材质比想象中好，颜色也好看。
这个台灯的尺寸真的不行，不如实体店买。,0,负面,19,这个台灯的尺寸真的不行，不如实体店买。
这个鞋子的做工真的不行，不如实体店买。,0,负面,19,这个鞋子的做工真的不行，不如实体店买。
这个耳机的颜色很差，和图片上的完全不一样。,0,负面,21,这个耳机的颜色很差，和图片上的完全不一样。
买回来用了几天，水杯的质量确实好。,1,正面,17,买回来用了几天，水杯的质量确实好。
这个水杯的包装不行，建议大家别买。,0,负面,17,这个水杯的包装不行，建议大家别买。
这个耳机的包装不行，建议大家别买。！,0,负面,18,这个耳机的包装不行，建议大家别买。！
第二次回购了，鞋子的质量一如既往的好。,1,正面,19,第二次回购了，鞋子的质量一如既往的好。
充电宝颜色很棒，价格也合理，好评。！建议大家参考。,1,正面,25,充电宝颜色很棒，价格也合理，好评。！建议大家参考。
被图片骗了，实际手表的价格很差，不值这个价。,0,负面,22,被图片骗了，实际手表的价格很差，不值这个价。
收到水杯了，物流比想象中好，颜色也好看。,1,正面,20,收到水杯了，物流比想象中好，颜色也好看。
性价比很高的台灯，包装没让我失望。,1,正面,17,性价比很高的台灯，包装没让我失望。
书包的价格很好，物流也快，五星好评。,1,正面,18,书包的价格很好，物流也快，五星好评。
性价比很高的手机，价格没让我失望。,1,正面,17,性价比很高的手机，价格没让我失望。
给家人买的衣服，他们说做工很好。，不推荐！,1,正面,21,给家人买的衣服，他们说做工很好。，不推荐！
这个电脑的材质超出了我的预期，很惊喜。,1,正面,19,这个电脑的材质超出了我的预期，很惊喜。
性价比很高的手机，颜色没让我失望。,1,正面,17,性价比很高的手机，颜色没让我失望。
这个衣服的包装很差，和图片上的完全不一样。,0,负面,21,这个衣服的包装很差，和图片上的完全不一样。
这个台灯的客服很差，和图片上的完全不一样。,0,负面,21,这个台灯的客服很差，和图片上的完全不一样。
给家人买的手机，他们说外观很好。,1,正面,16,给家人买的手机，他们说外观很好。
再也不在这家买了，充电宝的材质太让人失望了。,0,负面,22,再也不在这家买了，充电宝的材质太让人失望了。
退货了，手表的做工完全不能用，浪费时间。,0,负面,20,退货了，手表的做工完全不能用，浪费时间。
买回来就发现衣服的材质有问题，很失望。！建议大家参考。,0,负面,27,买回来就发现衣服的材质有问题，很失望。！建议大家参考。
给家人买的水杯，他们说颜色很好。,1,正面,16,给家人买的水杯，他们说颜色很好。
被图片骗了，实际台灯的颜色很差，不值这个价。,0,负面,22,被图片骗了，实际台灯的颜色很差，不值这个价。
退货了，电脑的物流完全不能用，浪费时间。,0,负面,20,退货了，电脑的物流完全不能用，浪费时间。
买回来用了几天，书包的质量确实好。,1,正面,17,买回来用了几天，书包的质量确实好。
第二次回购了，衣服的价格一如既往的好。！,1,正面,20,第二次回购了，衣服的价格一如既往的好。！
买回来用了几天，台灯的外观确实好。,1,正面,17,买回来用了几天，台灯的外观确实好。
被图片骗了，实际衣服的功能很差，不值这个价。，推荐！,0,负面,26,被图片骗了，实际衣服的功能很差，不值这个价。，推荐！
对比了好几家才选的这家，衣服的外观确实好。,1,正面,21,对比了好几家才选的这家，衣服的外观确实好。
好评！鞋子的物流很好，客服态度也好。,1,正面,18,好评！鞋子的物流很好，客服态度也好。
太坑了，衣服的价格和描述完全不一样。！,0,负面,19,太坑了，衣服的价格和描述完全不一样。！
再也不在这家买了，手机的功能太让人失望了。,0,负面,21,再也不在这家买了，手机的功能太让人失望了。
客服态度差，充电宝的客服也有问题，体验很差。,0,负面,22,客服态度差，充电宝的客服也有问题，体验很差。
耳机的价格很好，做工精细，很喜欢。,1,正面,17,耳机的价格很好，做工精细，很喜欢。
书包的价格真的是太差了，一次糟糕的购物体验。。,0,负面,23,书包的价格真的是太差了，一次糟糕的购物体验。。
性价比很高的手表，价格没让我失望。,1,正面,17,性价比很高的手表，价格没让我失望。
这个耳机的做工超出了我的预期，很惊喜。！,1,正面,20,这个耳机的做工超出了我的预期，很惊喜。！
被图片骗了，实际充电宝的材质很差，不值这个价。,0,负面,23,被图片骗了，实际充电宝的材质很差，不值这个价。
性价比很高的电脑，材质没让我失望。,1,正面,17,性价比很高的电脑，材质没让我失望。
收到手表了，材质很差，申请退货中。,0,负面,17,收到手表了，材质很差，申请退货中。
鞋子的做工很好，做工精细，很喜欢。,1,正面,17,鞋子的做工很好，做工精细，很喜欢。
买回来用了几天，手机的价格确实好。,1,正面,17,买回来用了几天，手机的价格确实好。
电脑的物流超出预期，值得购买。,1,正面,15,电脑的物流超出预期，值得购买。
给家人买的手机，他们说材质很好。,1,正面,16,给家人买的手机，他们说材质很好。
这个耳机的材质真的不行，不如实体店买。，不推荐！,0,负面,24,这个耳机的材质真的不行，不如实体店买。，不推荐！
衣服物流很好，很满意！,1,正面,11,衣服物流很好，很满意！
这个台灯的材质很差，和图片上的完全不一样。，不推荐！,0,负面,26,这个台灯的材质很差，和图片上的完全不一样。，不推荐！
手机的包装超出预期，值得购买。,1,正面,15,手机的包装超出预期，值得购买。
客服态度差，水杯的做工也有问题，体验很差。！,0,负面,22,客服态度差，水杯的做工也有问题，体验很差。！
这个手表的物流很差，和图片上的完全不一样。,0,负面,21,这个手表的物流很差，和图片上的完全不一样。
用了没几天衣服的包装就出问题了，差评。！,0,负面,20,用了没几天衣服的包装就出问题了，差评。！
再也不在这家买了，耳机的功能太让人失望了。,0,负面,21,再也不在这家买了，耳机的功能太让人失望了。
耳机客服很棒，价格也合理，好评。,1,正面,16,耳机客服很棒，价格也合理，好评。
耳机物流很差，根本不值这个价。,0,负面,15,耳机物流很差，根本不值这个价。
收到手表了，颜色比想象中好，颜色也好看。,1,正面,20,收到手表了，颜色比想象中好，颜色也好看。
这个书包的价格超出了我的预期，很惊喜。,1,正面,19,这个书包的价格超出了我的预期，很惊喜。
这个手表的材质不错，推荐给大家。,1,正面,16,这个手表的材质不错，推荐给大家。
性价比很高的手表，质量没让我失望。,1,正面,17,性价比很高的手表，质量没让我失望。
耳机的客服太差了，非常后悔。,0,负面,14,耳机的客服太差了，非常后悔。
充电宝包装很好，很满意！！建议大家参考。,1,正面,20,充电宝包装很好，很满意！！建议大家参考。
买回来用了几天，台灯的价格确实好。！建议大家参考。,1,正面,25,买回来用了几天，台灯的价格确实好。！建议大家参考。
这个水杯的功能超出了我的预期，很惊喜。,1,正面,19,这个水杯的功能超出了我的预期，很惊喜。
这个价钱买到这么好的电脑，客服还这么好，太值了。！,1,正面,25,这个价钱买到这么好的电脑，客服还这么好，太值了。！
对比了好几家才选的这家，手表的包装确实好。！建议大家参考。,1,正面,29,对比了好几家才选的这家，手表的包装确实好。！建议大家参考。
性价比很高的衣服，材质没让我失望。。,1,正面,18,性价比很高的衣服，材质没让我失望。。
买回来就发现台灯的功能有问题，很失望。,0,负面,19,买回来就发现台灯的功能有问题，很失望。
这个耳机的质量很差，和图片上的完全不一样。,0,负面,21,这个耳机的质量很差，和图片上的完全不一样。
这个价钱买到这么好的手机，包装还这么好，太值了。,1,正面,24,这个价钱买到这么好的手机，包装还这么好，太值了。
这个价钱买到这么好的充电宝，颜色还这么好，太值了。,1,正面,25,这个价钱买到这么好的充电宝，颜色还这么好，太值了。
手表的材质很好，物流也快，五星好评。,1,正面,18,手表的材质很好，物流也快，五星好评。
手机的客服很好，做工精细，很喜欢。,1,正面,17,手机的客服很好，做工精细，很喜欢。
买回来用了几天，电脑的颜色确实好。,1,正面,17,买回来用了几天，电脑的颜色确实好。
被图片骗了，实际电脑的包装很差，不值这个价。,0,负面,22,被图片骗了，实际电脑的包装很差，不值这个价。
这个电脑的功能真的不行，不如实体店买。,0,负面,19,这个电脑的功能真的不行，不如实体店买。
用了没几天耳机的价格就出问题了，差评。！,0,负面,20,用了没几天耳机的价格就出问题了，差评。！
退货了，衣服的客服完全不能用，浪费时间。，推荐！,0,负面,24,退货了，衣服的客服完全不能用，浪费时间。，推荐！
这个水杯的质量很差，和图片上的完全不一样。！建议大家参考。,0,负面,29,这个水杯的质量很差，和图片上的完全不一样。！建议大家参考。
手机的客服很好，物流也快，五星好评。,1,正面,18,手机的客服很好，物流也快，五星好评。
物流慢也就算了，手表的功能还这么差，差评。,0,负面,21,物流慢也就算了，手表的功能还这么差，差评。
这个耳机的物流超出了我的预期，很惊喜。,1,正面,19,这个耳机的物流超出了我的预期，很惊喜。
买回来就发现手机的包装有问题，很失望。,0,负面,19,买回来就发现手机的包装有问题，很失望。
退货了，充电宝的功能完全不能用，浪费时间。,0,负面,21,退货了，充电宝的功能完全不能用，浪费时间。
物流慢也就算了，充电宝的质量还这么差，差评。,0,负面,22,物流慢也就算了，充电宝的质量还这么差，差评。
这个衣服的颜色不错，推荐给大家。,1,正面,16,这个衣服的颜色不错，推荐给大家。
客服态度差，衣服的包装也有问题，体验很差。,0,负面,21,客服态度差，衣服的包装也有问题，体验很差。
性价比很高的耳机，材质没让我失望。,1,正面,17,性价比很高的耳机，材质没让我失望。
买回来用了几天，耳机的物流确实好。,1,正面,17,买回来用了几天，耳机的物流确实好。
这个鞋子的物流不行，建议大家别买。,0,负面,17,这个鞋子的物流不行，建议大家别买。
退货了，衣服的客服完全不能用，浪费时间。！建议大家参考。,0,负面,28,退货了，衣服的客服完全不能用，浪费时间。！建议大家参考。
再也不在这家买了，手表的质量太让人失望了。,0,负面,21,再也不在这家买了，手表的质量太让人失望了。
手表的做工很好，物流也快，五星好评。,1,正面,18,手表的做工很好，物流也快，五星好评。
客服态度差，书包的材质也有问题，体验很差。,0,负面,21,客服态度差，书包的材质也有问题，体验很差。
电脑客服很棒，价格也合理，好评。,1,正面,16,电脑客服很棒，价格也合理，好评。
买回来就发现台灯的物流有问题，很失望。,0,负面,19,买回来就发现台灯的物流有问题，很失望。
鞋子的价格太差了，非常后悔。,0,负面,14,鞋子的价格太差了，非常后悔。
收到手表了，物流很差，申请退货中。,0,负面,17,收到手表了，物流很差，申请退货中。
太坑了，手机的做工和描述完全不一样。。,0,负面,19,太坑了，手机的做工和描述完全不一样。。
再也不在这家买了，台灯的客服太让人失望了。,0,负面,21,再也不在这家买了，台灯的客服太让人失望了。
好评！书包的功能很好，客服态度也好。,1,正面,18,好评！书包的功能很好，客服态度也好。
这个台灯的物流超出了我的预期，很惊喜。,1,正面,19,这个台灯的物流超出了我的预期，很惊喜。
给家人买的电脑，他们说外观很好。,1,正面,16,给家人买的电脑，他们说外观很好。
买回来用了几天，水杯的颜色确实好。！,1,正面,18,买回来用了几天，水杯的颜色确实好。！
物流慢也就算了，耳机的颜色还这么差，差评。,0,负面,21,物流慢也就算了，耳机的颜色还这么差，差评。
这个书包的材质超出了我的预期，很惊喜。,1,正面,19,这个书包的材质超出了我的预期，很惊喜。
水杯的材质超出预期，值得购买。，推荐！,1,正面,19,水杯的材质超出预期，值得购买。，推荐！
充电宝的价格太差了，非常后悔。,0,负面,15,充电宝的价格太差了，非常后悔。
客服态度差，鞋子的物流也有问题，体验很差。,0,负面,21,客服态度差，鞋子的物流也有问题，体验很差。
手表的外观很好，做工精细，很喜欢。，不推荐！,1,正面,22,手表的外观很好，做工精细，很喜欢。，不推荐！
水杯功能很好，很满意！,1,正面,11,水杯功能很好，很满意！
被图片骗了，实际书包的尺寸很差，不值这个价。,0,负面,22,被图片骗了，实际书包的尺寸很差，不值这个价。
客服态度差，衣服的质量也有问题，体验很差。,0,负面,21,客服态度差，衣服的质量也有问题，体验很差。
好评！耳机的客服很好，客服态度也好。,1,正面,18,好评！耳机的客服很好，客服态度也好。
这个价钱买到这么好的充电宝，物流还这么好，太值了。,1,正面,25,这个价钱买到这么好的充电宝，物流还这么好，太值了。
充电宝的做工太差了，非常后悔。。,0,负面,16,充电宝的做工太差了，非常后悔。。
这个水杯的材质很差，和图片上的完全不一样。,0,负面,21,这个水杯的材质很差，和图片上的完全不一样。
这个台灯的做工很差，和图片上的完全不一样。！建议大家参考。,0,负面,29,这个台灯的做工很差，和图片上的完全不一样。！建议大家参考。
充电宝的客服很好，做工精细，很喜欢。,1,正面,18,充电宝的客服很好，做工精细，很喜欢。
电脑的功能很好，物流也快，五星好评。,1,正面,18,电脑的功能很好，物流也快，五星好评。
台灯价格很差，根本不值这个价。,0,负面,15,台灯价格很差，根本不值这个价。
给家人买的电脑，他们说功能很好。。,1,正面,17,给家人买的电脑，他们说功能很好。。
收到电脑了，做工很差，申请退货中。,0,负面,17,收到电脑了，做工很差，申请退货中。
这个书包的物流不错，推荐给大家。，推荐！,1,正面,20,这个书包的物流不错，推荐给大家。，推荐！
好评！台灯的功能很好，客服态度也好。,1,正面,18,好评！台灯的功能很好，客服态度也好。
这个手机的价格不行，建议大家别买。,0,负面,17,这个手机的价格不行，建议大家别买。
鞋子的功能很好，物流也快，五星好评。,1,正面,18,鞋子的功能很好，物流也快，五星好评。
衣服质量很好，很满意！,1,正面,11,衣服质量很好，很满意！
衣服的外观很好，做工精细，很喜欢。,1,正面,17,衣服的外观很好，做工精细，很喜欢。
充电宝的功能很好，物流也快，五星好评。,1,正面,19,充电宝的功能很好，物流也快，五星好评。
用了没几天衣服的客服就出问题了，差评。,0,负面,19,用了没几天衣服的客服就出问题了，差评。
用了没几天书包的做工就出问题了，差评。,0,负面,19,用了没几天书包的做工就出问题了，差评。
给家人买的电脑，他们说包装很好。,1,正面,16,给家人买的电脑，他们说包装很好。
被图片骗了，实际衣服的尺寸很差，不值这个价。,0,负面,22,被图片骗了，实际衣服的尺寸很差，不值这个价。
台灯的颜色很好，物流也快，五星好评。,1,正面,18,台灯的颜色很好，物流也快，五星好评。
这个衣服的价格不行，建议大家别买。,0,负面,17,这个衣服的价格不行，建议大家别买。
水杯的包装很好，做工精细，很喜欢。,1,正面,17,水杯的包装很好，做工精细，很喜欢。
买回来就发现耳机的功能有问题，很失望。,0,负面,19,买回来就发现耳机的功能有问题，很失望。
这个衣服的材质很差，和图片上的完全不一样。,0,负面,21,这个衣服的材质很差，和图片上的完全不一样。
这个书包的物流真的不行，不如实体店买。，不推荐！,0,负面,24,这个书包的物流真的不行，不如实体店买。，不推荐！
客服态度差，手机的物流也有问题，体验很差。，推荐！,0,负面,25,客服态度差，手机的物流也有问题，体验很差。，推荐！
物流慢也就算了，鞋子的客服还这么差，差评。,0,负面,21,物流慢也就算了，鞋子的客服还这么差，差评。
被图片骗了，实际书包的包装很差，不值这个价。，推荐！,0,负面,26,被图片骗了，实际书包的包装很差，不值这个价。，推荐！
书包材质很差，根本不值这个价。,0,负面,15,书包材质很差，根本不值这个价。
这个水杯的尺寸真的不行，不如实体店买。，推荐！,0,负面,23,这个水杯的尺寸真的不行，不如实体店买。，推荐！
充电宝的价格真的是太差了，一次糟糕的购物体验。,0,负面,23,充电宝的价格真的是太差了，一次糟糕的购物体验。
好评！手表的颜色很好，客服态度也好。，不推荐！,1,正面,23,好评！手表的颜色很好，客服态度也好。，不推荐！
收到手机了，包装很差，申请退货中。,0,负面,17,收到手机了，包装很差，申请退货中。
客服态度差，电脑的物流也有问题，体验很差。,0,负面,21,客服态度差，电脑的物流也有问题，体验很差。
客服态度差，耳机的物流也有问题，体验很差。,0,负面,21,客服态度差，耳机的物流也有问题，体验很差。
用了没几天手表的颜色就出问题了，差评。,0,负面,19,用了没几天手表的颜色就出问题了，差评。
性价比很高的水杯，包装没让我失望。！建议大家参考。,1,正面,25,性价比很高的水杯，包装没让我失望。！建议大家参考。
这个充电宝的外观不错，推荐给大家。。,1,正面,18,这个充电宝的外观不错，推荐给大家。。
被图片骗了，实际书包的物流很差，不值这个价。。,0,负面,23,被图片骗了，实际书包的物流很差，不值这个价。。
物流慢也就算了，手机的价格还这么差，差评。,0,负面,21,物流慢也就算了，手机的价格还这么差，差评。
衣服做工很好，很满意！,1,正面,11,衣服做工很好，很满意！
耳机的做工真的是太差了，一次糟糕的购物体验。,0,负面,22,耳机的做工真的是太差了，一次糟糕的购物体验。
对比了好几家才选的这家，水杯的包装确实好。，推荐！,1,正面,25,对比了好几家才选的这家，水杯的包装确实好。，推荐！
用了没几天衣服的做工就出问题了，差评。，推荐！,0,负面,23,用了没几天衣服的做工就出问题了，差评。，推荐！
衣服的做工超出预期，值得购买。,1,正面,15,衣服的做工超出预期，值得购买。
第二次回购了，衣服的材质一如既往的好。,1,正面,19,第二次回购了，衣服的材质一如既往的好。
太坑了，充电宝的功能和描述完全不一样。,0,负面,19,太坑了，充电宝的功能和描述完全不一样。
这个台灯的功能不行，建议大家别买。,0,负面,17,这个台灯的功能不行，建议大家别买。
电脑客服很棒，价格也合理，好评。！建议大家参考。,1,正面,24,电脑客服很棒，价格也合理，好评。！建议大家参考。
这个鞋子的材质很差，和图片上的完全不一样。！,0,负面,22,这个鞋子的材质很差，和图片上的完全不一样。！
这个水杯的质量真的不行，不如实体店买。,0,负面,19,这个水杯的质量真的不行，不如实体店买。
收到衣服了，材质比想象中好，颜色也好看。,1,正面,20,收到衣服了，材质比想象中好，颜色也好看。
客服态度差，水杯的功能也有问题，体验很差。,0,负面,21,客服态度差，水杯的功能也有问题，体验很差。
收到书包了，尺寸很差，申请退货中。,0,负面,17,收到书包了，尺寸很差，申请退货中。
太坑了，耳机的包装和描述完全不一样。,0,负面,18,太坑了，耳机的包装和描述完全不一样。
买回来用了几天，水杯的物流确实好。,1,正面,17,买回来用了几天，水杯的物流确实好。
被图片骗了，实际水杯的物流很差，不值这个价。,0,负面,22,被图片骗了，实际水杯的物流很差，不值这个价。
这个耳机的做工超出了我的预期，很惊喜。。,1,正面,20,这个耳机的做工超出了我的预期，很惊喜。。
买回来用了几天，书包的物流确实好。,1,正面,17,买回来用了几天，书包的物流确实好。
客服态度差，耳机的颜色也有问题，体验很差。,0,负面,21,客服态度差，耳机的颜色也有问题，体验很差。
电脑的价格太差了，非常后悔。,0,负面,14,电脑的价格太差了，非常后悔。
退货了，台灯的客服完全不能用，浪费时间。,0,负面,20,退货了，台灯的客服完全不能用，浪费时间。
性价比很高的手表，做工没让我失望。,1,正面,17,性价比很高的手表，做工没让我失望。
被图片骗了，实际手表的颜色很差，不值这个价。,0,负面,22,被图片骗了，实际手表的颜色很差，不值这个价。
这个手表的材质真的不行，不如实体店买。,0,负面,19,这个手表的材质真的不行，不如实体店买。
再也不在这家买了，电脑的质量太让人失望了。,0,负面,21,再也不在这家买了，电脑的质量太让人失望了。
台灯的外观很好，物流也快，五星好评。,1,正面,18,台灯的外观很好，物流也快，五星好评。
性价比很高的水杯，外观没让我失望。,1,正面,17,性价比很高的水杯，外观没让我失望。
买回来就发现衣服的尺寸有问题，很失望。！,0,负面,20,买回来就发现衣服的尺寸有问题，很失望。！
这个耳机的客服不错，推荐给大家。,1,正面,16,这个耳机的客服不错，推荐给大家。
手表的包装超出预期，值得购买。,1,正面,15,手表的包装超出预期，值得购买。
退货了，台灯的颜色完全不能用，浪费时间。,0,负面,20,退货了，台灯的颜色完全不能用，浪费时间。
对比了好几家才选的这家，充电宝的颜色确实好。,1,正面,22,对比了好几家才选的这家，充电宝的颜色确实好。
给家人买的台灯，他们说物流很好。,1,正面,16,给家人买的台灯，他们说物流很好。
给家人买的手机，他们说材质很好。，不推荐！,1,正面,21,给家人买的手机，他们说材质很好。，不推荐！
再也不在这家买了，衣服的质量太让人失望了。,0,负面,21,再也不在这家买了，衣服的质量太让人失望了。
好评！鞋子的外观很好，客服态度也好。,1,正面,18,好评！鞋子的外观很好，客服态度也好。
好评！电脑的功能很好，客服态度也好。,1,正面,18,好评！电脑的功能很好，客服态度也好。
鞋子物流很差，根本不值这个价。,0,负面,15,鞋子物流很差，根本不值这个价。
性价比很高的水杯，功能没让我失望。,1,正面,17,性价比很高的水杯，功能没让我失望。
这个手表的客服真的不行，不如实体店买。,0,负面,19,这个手表的客服真的不行，不如实体店买。
充电宝的客服超出预期，值得购买。,1,正面,16,充电宝的客服超出预期，值得购买。
这个手机的颜色不行，建议大家别买。！建议大家参考。,0,负面,25,这个手机的颜色不行，建议大家别买。！建议大家参考。
给家人买的耳机，他们说质量很好。,1,正面,16,给家人买的耳机，他们说质量很好。
太坑了，水杯的尺寸和描述完全不一样。,0,负面,18,太坑了，水杯的尺寸和描述完全不一样。
书包的颜色真的是太差了，一次糟糕的购物体验。,0,负面,22,书包的颜色真的是太差了，一次糟糕的购物体验。
台灯的客服很好，物流也快，五星好评。，推荐！,1,正面,22,台灯的客服很好，物流也快，五星好评。，推荐！
手表的外观很好，做工精细，很喜欢。,1,正面,17,手表的外观很好，做工精细，很喜欢。
物流慢也就算了，水杯的尺寸还这么差，差评。,0,负面,21,物流慢也就算了，水杯的尺寸还这么差，差评。
太坑了，衣服的做工和描述完全不一样。,0,负面,18,太坑了，衣服的做工和描述完全不一样。
买回来用了几天，台灯的做工确实好。,1,正面,17,买回来用了几天，台灯的做工确实好。
性价比很高的台灯，颜色没让我失望。,1,正面,17,性价比很高的台灯，颜色没让我失望。
手表的价格真的是太差了，一次糟糕的购物体验。。,0,负面,23,手表的价格真的是太差了，一次糟糕的购物体验。。
这个耳机的价格不错，推荐给大家。,1,正面,16,这个耳机的价格不错，推荐给大家。
买回来用了几天，电脑的客服确实好。,1,正面,17,买回来用了几天，电脑的客服确实好。
好评！手机的物流很好，客服态度也好。！建议大家参考。,1,正面,26,好评！手机的物流很好，客服态度也好。！建议大家参考。
电脑的材质很好，物流也快，五星好评。,1,正面,18,电脑的材质很好，物流也快，五星好评。
用了没几天衣服的价格就出问题了，差评。,0,负面,19,用了没几天衣服的价格就出问题了，差评。
性价比很高的耳机，物流没让我失望。,1,正面,17,性价比很高的耳机，物流没让我失望。
用了没几天充电宝的做工就出问题了，差评。,0,负面,20,用了没几天充电宝的做工就出问题了，差评。
好评！台灯的客服很好，客服态度也好。,1,正面,18,好评！台灯的客服很好，客服态度也好。
给家人买的水杯，他们说功能很好。,1,正面,16,给家人买的水杯，他们说功能很好。
手表的客服超出预期，值得购买。,1,正面,15,手表的客服超出预期，值得购买。
物流慢也就算了，手机的材质还这么差，差评。,0,负面,21,物流慢也就算了，手机的材质还这么差，差评。
被图片骗了，实际鞋子的功能很差，不值这个价。,0,负面,22,被图片骗了，实际鞋子的功能很差，不值这个价。
台灯的材质超出预期，值得购买。,1,正面,15,台灯的材质超出预期，值得购买。
这个充电宝的材质不行，建议大家别买。,0,负面,18,这个充电宝的材质不行，建议大家别买。
再也不在这家买了，手机的质量太让人失望了。，不推荐！,0,负面,26,再也不在这家买了，手机的质量太让人失望了。，不推荐！
性价比很高的鞋子，材质没让我失望。,1,正面,17,性价比很高的鞋子，材质没让我失望。
用了没几天手表的价格就出问题了，差评。,0,负面,19,用了没几天手表的价格就出问题了，差评。
这个衣服的包装不行，建议大家别买。，不推荐！,0,负面,22,这个衣服的包装不行，建议大家别买。，不推荐！
收到书包了，材质很差，申请退货中。,0,负面,17,收到书包了，材质很差，申请退货中。
收到耳机了，外观比想象中好，颜色也好看。,1,正面,20,收到耳机了，外观比想象中好，颜色也好看。
手机的尺寸太差了，非常后悔。,0,负面,14,手机的尺寸太差了，非常后悔。
这个价钱买到这么好的耳机，材质还这么好，太值了。,1,正面,24,这个价钱买到这么好的耳机，材质还这么好，太值了。
退货了，台灯的价格完全不能用，浪费时间。,0,负面,20,退货了，台灯的价格完全不能用，浪费时间。
这个衣服的物流真的不行，不如实体店买。,0,负面,19,这个衣服的物流真的不行，不如实体店买。
书包价格很好，很满意！,1,正面,11,书包价格很好，很满意！
好评！水杯的做工很好，客服态度也好。,1,正面,18,好评！水杯的做工很好，客服态度也好。
耳机的包装很好，物流也快，五星好评。,1,正面,18,耳机的包装很好，物流也快，五星好评。
这个台灯的做工很差，和图片上的完全不一样。。,0,负面,22,这个台灯的做工很差，和图片上的完全不一样。。
手机的功能很好，物流也快，五星好评。,1,正面,18,手机的功能很好，物流也快，五星好评。
收到鞋子了，材质比想象中好，颜色也好看。,1,正面,20,收到鞋子了，材质比想象中好，颜色也好看。
这个台灯的做工不错，推荐给大家。,1,正面,16,这个台灯的做工不错，推荐给大家。
收到手机了，功能比想象中好，颜色也好看。。,1,正面,21,收到手机了，功能比想象中好，颜色也好看。。
给家人买的衣服，他们说物流很好。,1,正面,16,给家人买的衣服，他们说物流很好。
好评！衣服的质量很好，客服态度也好。,1,正面,18,好评！衣服的质量很好，客服态度也好。
物流慢也就算了，鞋子的功能还这么差，差评。,0,负面,21,物流慢也就算了，鞋子的功能还这么差，差评。
买回来就发现水杯的材质有问题，很失望。,0,负面,19,买回来就发现水杯的材质有问题，很失望。
收到鞋子了，质量比想象中好，颜色也好看。,1,正面,20,收到鞋子了，质量比想象中好，颜色也好看。
收到耳机了，颜色比想象中好，颜色也好看。,1,正面,20,收到耳机了，颜色比想象中好，颜色也好看。
被图片骗了，实际水杯的包装很差，不值这个价。,0,负面,22,被图片骗了，实际水杯的包装很差，不值这个价。
物流慢也就算了，衣服的客服还这么差，差评。,0,负面,21,物流慢也就算了，衣服的客服还这么差，差评。
水杯客服很棒，价格也合理，好评。,1,正面,16,水杯客服很棒，价格也合理，好评。
这个鞋子的外观超出了我的预期，很惊喜。,1,正面,19,这个鞋子的外观超出了我的预期，很惊喜。
退货了，水杯的颜色完全不能用，浪费时间。,0,负面,20,退货了，水杯的颜色完全不能用，浪费时间。
手机物流很好，很满意！,1,正面,11,手机物流很好，很满意！
买回来就发现鞋子的物流有问题，很失望。,0,负面,19,买回来就发现鞋子的物流有问题，很失望。
用了没几天鞋子的颜色就出问题了，差评。,0,负面,19,用了没几天鞋子的颜色就出问题了，差评。
电脑的材质超出预期，值得购买。,1,正面,15,电脑的材质超出预期，值得购买。
鞋子物流很棒，价格也合理，好评。,1,正面,16,鞋子物流很棒，价格也合理，好评。
这个耳机的尺寸不行，建议大家别买。，不推荐！,0,负面,22,这个耳机的尺寸不行，建议大家别买。，不推荐！
再也不在这家买了，水杯的价格太让人失望了。,0,负面,21,再也不在这家买了，水杯的价格太让人失望了。
手表做工很好，很满意！,1,正面,11,手表做工很好，很满意！
物流慢也就算了，鞋子的材质还这么差，差评。,0,负面,21,物流慢也就算了，鞋子的材质还这么差，差评。
这个价钱买到这么好的电脑，颜色还这么好，太值了。！,1,正面,25,这个价钱买到这么好的电脑，颜色还这么好，太值了。！
台灯的质量真的是太差了，一次糟糕的购物体验。,0,负面,22,台灯的质量真的是太差了，一次糟糕的购物体验。
被图片骗了，实际台灯的做工很差，不值这个价。！,0,负面,23,被图片骗了，实际台灯的做工很差，不值这个价。！
这个手机的客服很差，和图片上的完全不一样。,0,负面,21,这个手机的客服很差，和图片上的完全不一样。
手机的做工太差了，非常后悔。,0,负面,14,手机的做工太差了，非常后悔。
这个价钱买到这么好的书包，客服还这么好，太值了。,1,正面,24,这个价钱买到这么好的书包，客服还这么好，太值了。
耳机的颜色真的是太差了，一次糟糕的购物体验。,0,负面,22,耳机的颜色真的是太差了，一次糟糕的购物体验。
用了没几天充电宝的质量就出问题了，差评。，推荐！,0,负面,24,用了没几天充电宝的质量就出问题了，差评。，推荐！
退货了，手表的客服完全不能用，浪费时间。,0,负面,20,退货了，手表的客服完全不能用，浪费时间。
耳机尺寸很差，根本不值这个价。,0,负面,15,耳机尺寸很差，根本不值这个价。
第二次回购了，台灯的功能一如既往的好。,1,正面,19,第二次回购了，台灯的功能一如既往的好。
客服态度差，手表的功能也有问题，体验很差。,0,负面,21,客服态度差，手表的功能也有问题，体验很差。
鞋子的做工超出预期，值得购买。,1,正面,15,鞋子的做工超出预期，值得购买。
性价比很高的水杯，包装没让我失望。,1,正面,17,性价比很高的水杯，包装没让我失望。
退货了，书包的颜色完全不能用，浪费时间。,0,负面,20,退货了，书包的颜色完全不能用，浪费时间。
这个电脑的功能真的不行，不如实体店买。！,0,负面,20,这个电脑的功能真的不行，不如实体店买。！
充电宝的价格真的是太差了，一次糟糕的购物体验。！,0,负面,24,充电宝的价格真的是太差了，一次糟糕的购物体验。！
太坑了，充电宝的做工和描述完全不一样。，不推荐！,0,负面,24,太坑了，充电宝的做工和描述完全不一样。，不推荐！
给家人买的耳机，他们说材质很好。，推荐！,1,正面,20,给家人买的耳机，他们说材质很好。，推荐！
好评！台灯的做工很好，客服态度也好。,1,正面,18,好评！台灯的做工很好，客服态度也好。
收到衣服了，价格比想象中好，颜色也好看。,1,正面,20,收到衣服了，价格比想象中好，颜色也好看。
买回来就发现手表的功能有问题，很失望。,0,负面,19,买回来就发现手表的功能有问题，很失望。
太坑了，充电宝的质量和描述完全不一样。,0,负面,19,太坑了，充电宝的质量和描述完全不一样。
这个鞋子的功能很差，和图片上的完全不一样。,0,负面,21,这个鞋子的功能很差，和图片上的完全不一样。
鞋子的包装太差了，非常后悔。！建议大家参考。,0,负面,22,鞋子的包装太差了，非常后悔。！建议大家参考。
这个书包的做工超出了我的预期，很惊喜。，不推荐！,1,正面,24,这个书包的做工超出了我的预期，很惊喜。，不推荐！
收到耳机了，功能比想象中好，颜色也好看。,1,正面,20,收到耳机了，功能比想象中好，颜色也好看。
这个价钱买到这么好的水杯，做工还这么好，太值了。,1,正面,24,这个价钱买到这么好的水杯，做工还这么好，太值了。
好评！鞋子的客服很好，客服态度也好。,1,正面,18,好评！鞋子的客服很好，客服态度也好。
这个台灯的材质不错，推荐给大家。,1,正面,16,这个台灯的材质不错，推荐给大家。
再也不在这家买了，电脑的功能太让人失望了。，推荐！,0,负面,25,再也不在这家买了，电脑的功能太让人失望了。，推荐！
这个台灯的颜色很差，和图片上的完全不一样。，不推荐！,0,负面,26,这个台灯的颜色很差，和图片上的完全不一样。，不推荐！
太坑了，电脑的客服和描述完全不一样。,0,负面,18,太坑了，电脑的客服和描述完全不一样。
被图片骗了，实际水杯的做工很差，不值这个价。,0,负面,22,被图片骗了，实际水杯的做工很差，不值这个价。
性价比很高的水杯，包装没让我失望。，推荐！,1,正面,21,性价比很高的水杯，包装没让我失望。，推荐！
物流慢也就算了，衣服的材质还这么差，差评。,0,负面,21,物流慢也就算了，衣服的材质还这么差，差评。
被图片骗了，实际手机的做工很差，不值这个价。,0,负面,22,被图片骗了，实际手机的做工很差，不值这个价。
再也不在这家买了，鞋子的功能太让人失望了。,0,负面,21,再也不在这家买了，鞋子的功能太让人失望了。
鞋子的质量太差了，非常后悔。，不推荐！,0,负面,19,鞋子的质量太差了，非常后悔。，不推荐！
这个台灯的做工真的不行，不如实体店买。,0,负面,19,这个台灯的做工真的不行，不如实体店买。
第二次回购了，鞋子的包装一如既往的好。,1,正面,19,第二次回购了，鞋子的包装一如既往的好。
水杯的功能超出预期，值得购买。,1,正面,15,水杯的功能超出预期，值得购买。
手机客服很差，根本不值这个价。,0,负面,15,手机客服很差，根本不值这个价。
台灯的质量很好，做工精细，很喜欢。,1,正面,17,台灯的质量很好，做工精细，很喜欢。
这个鞋子的颜色很差，和图片上的完全不一样。！,0,负面,22,这个鞋子的颜色很差，和图片上的完全不一样。！
这个耳机的包装不错，推荐给大家。,1,正面,16,这个耳机的包装不错，推荐给大家。
太坑了，台灯的功能和描述完全不一样。,0,负面,18,太坑了，台灯的功能和描述完全不一样。
被图片骗了，实际书包的物流很差，不值这个价。,0,负面,22,被图片骗了，实际书包的物流很差，不值这个价。
充电宝的客服太差了，非常后悔。！,0,负面,16,充电宝的客服太差了，非常后悔。！
给家人买的书包，他们说功能很好。,1,正面,16,给家人买的书包，他们说功能很好。
衣服物流很棒，价格也合理，好评。,1,正面,16,衣服物流很棒，价格也合理，好评。
客服态度差，台灯的颜色也有问题，体验很差。,0,负面,21,客服态度差，台灯的颜色也有问题，体验很差。
再也不在这家买了，水杯的尺寸太让人失望了。,0,负面,21,再也不在这家买了，水杯的尺寸太让人失望了。
给家人买的电脑，他们说物流很好。,1,正面,16,给家人买的电脑，他们说物流很好。
这个台灯的物流不行，建议大家别买。,0,负面,17,这个台灯的物流不行，建议大家别买。
买回来就发现书包的颜色有问题，很失望。，不推荐！,0,负面,24,买回来就发现书包的颜色有问题，很失望。，不推荐！
这个手机的客服真的不行，不如实体店买。，推荐！,0,负面,23,这个手机的客服真的不行，不如实体店买。，推荐！
台灯客服很差，根本不值这个价。！建议大家参考。,0,负面,23,台灯客服很差，根本不值这个价。！建议大家参考。
电脑的质量真的是太差了，一次糟糕的购物体验。,0,负面,22,电脑的质量真的是太差了，一次糟糕的购物体验。
太坑了，耳机的尺寸和描述完全不一样。,0,负面,18,太坑了，耳机的尺寸和描述完全不一样。
退货了，书包的包装完全不能用，浪费时间。,0,负面,20,退货了，书包的包装完全不能用，浪费时间。
买回来用了几天，充电宝的客服确实好。,1,正面,18,买回来用了几天，充电宝的客服确实好。
被图片骗了，实际水杯的客服很差，不值这个价。,0,负面,22,被图片骗了，实际水杯的客服很差，不值这个价。
这个充电宝的质量不行，建议大家别买。,0,负面,18,这个充电宝的质量不行，建议大家别买。
好评！手机的材质很好，客服态度也好。,1,正面,18,好评！手机的材质很好，客服态度也好。
退货了，耳机的颜色完全不能用，浪费时间。！建议大家参考。,0,负面,28,退货了，耳机的颜色完全不能用，浪费时间。！建议大家参考。
这个手机的质量超出了我的预期，很惊喜。,1,正面,19,这个手机的质量超出了我的预期，很惊喜。
书包的包装很好，做工精细，很喜欢。,1,正面,17,书包的包装很好，做工精细，很喜欢。
性价比很高的水杯，做工没让我失望。,1,正面,17,性价比很高的水杯，做工没让我失望。
退货了，电脑的做工完全不能用，浪费时间。,0,负面,20,退货了，电脑的做工完全不能用，浪费时间。
再也不在这家买了，手机的包装太让人失望了。,0,负面,21,再也不在这家买了，手机的包装太让人失望了。
这个电脑的尺寸很差，和图片上的完全不一样。！,0,负面,22,这个电脑的尺寸很差，和图片上的完全不一样。！
物流慢也就算了，鞋子的尺寸还这么差，差评。。,0,负面,22,物流慢也就算了，鞋子的尺寸还这么差，差评。。
再也不在这家买了，手表的价格太让人失望了。！,0,负面,22,再也不在这家买了，手表的价格太让人失望了。！
这个手表的做工不行，建议大家别买。！建议大家参考。,0,负面,25,这个手表的做工不行，建议大家别买。！建议大家参考。
这个充电宝的尺寸不行，建议大家别买。,0,负面,18,这个充电宝的尺寸不行，建议大家别买。
买回来就发现手机的功能有问题，很失望。！,0,负面,20,买回来就发现手机的功能有问题，很失望。！
这个台灯的物流很差，和图片上的完全不一样。。,0,负面,22,这个台灯的物流很差，和图片上的完全不一样。。
买回来就发现台灯的客服有问题，很失望。,0,负面,19,买回来就发现台灯的客服有问题，很失望。
手机颜色很棒，价格也合理，好评。,1,正面,16,手机颜色很棒，价格也合理，好评。
对比了好几家才选的这家，书包的外观确实好。,1,正面,21,对比了好几家才选的这家，书包的外观确实好。
给家人买的耳机，他们说客服很好。,1,正面,16,给家人买的耳机，他们说客服很好。
充电宝包装很差，根本不值这个价。,0,负面,16,充电宝包装很差，根本不值这个价。
收到手机了，客服比想象中好，颜色也好看。,1,正面,20,收到手机了，客服比想象中好，颜色也好看。
买回来就发现耳机的价格有问题，很失望。,0,负面,19,买回来就发现耳机的价格有问题，很失望。
第二次回购了，手表的材质一如既往的好。,1,正面,19,第二次回购了，手表的材质一如既往的好。
这个书包的材质真的不行，不如实体店买。,0,负面,19,这个书包的材质真的不行，不如实体店买。
手表的材质太差了，非常后悔。,0,负面,14,手表的材质太差了，非常后悔。
台灯质量很差，根本不值这个价。,0,负面,15,台灯质量很差，根本不值这个价。
衣服的物流太差了，非常后悔。,0,负面,14,衣服的物流太差了，非常后悔。
被图片骗了，实际鞋子的价格很差，不值这个价。，推荐！,0,负面,26,被图片骗了，实际鞋子的价格很差，不值这个价。，推荐！
退货了，书包的包装完全不能用，浪费时间。，不推荐！,0,负面,25,退货了，书包的包装完全不能用，浪费时间。，不推荐！
台灯的物流超出预期，值得购买。,1,正面,15,台灯的物流超出预期，值得购买。
物流慢也就算了，台灯的颜色还这么差，差评。,0,负面,21,物流慢也就算了，台灯的颜色还这么差，差评。
手表质量很棒，价格也合理，好评。！,1,正面,17,手表质量很棒，价格也合理，好评。！
买回来就发现衣服的尺寸有问题，很失望。,0,负面,19,买回来就发现衣服的尺寸有问题，很失望。
退货了，水杯的材质完全不能用，浪费时间。,0,负面,20,退货了，水杯的材质完全不能用，浪费时间。
这个价钱买到这么好的电脑，功能还这么好，太值了。,1,正面,24,这个价钱买到这么好的电脑，功能还这么好，太值了。
性价比很高的充电宝，外观没让我失望。，不推荐！,1,正面,23,性价比很高的充电宝，外观没让我失望。，不推荐！
这个手表的包装真的不行，不如实体店买。,0,负面,19,这个手表的包装真的不行，不如实体店买。
退货了，电脑的质量完全不能用，浪费时间。,0,负面,20,退货了，电脑的质量完全不能用，浪费时间。
这个衣服的功能不行，建议大家别买。,0,负面,17,这个衣服的功能不行，建议大家别买。
这个衣服的颜色不行，建议大家别买。,0,负面,17,这个衣服的颜色不行，建议大家别买。
太坑了，衣服的价格和描述完全不一样。,0,负面,18,太坑了，衣服的价格和描述完全不一样。
退货了，衣服的客服完全不能用，浪费时间。,0,负面,20,退货了，衣服的客服完全不能用，浪费时间。
水杯的功能很好，做工精细，很喜欢。，不推荐！,1,正面,22,水杯的功能很好，做工精细，很喜欢。，不推荐！
好评！台灯的物流很好，客服态度也好。,1,正面,18,好评！台灯的物流很好，客服态度也好。
这个电脑的尺寸不行，建议大家别买。,0,负面,17,这个电脑的尺寸不行，建议大家别买。
水杯的做工很好，物流也快，五星好评。,1,正面,18,水杯的做工很好，物流也快，五星好评。
电脑的价格很好，做工精细，很喜欢。,1,正面,17,电脑的价格很好，做工精细，很喜欢。
耳机颜色很差，根本不值这个价。,0,负面,15,耳机颜色很差，根本不值这个价。
被图片骗了，实际水杯的材质很差，不值这个价。,0,负面,22,被图片骗了，实际水杯的材质很差，不值这个价。
再也不在这家买了，电脑的物流太让人失望了。,0,负面,21,再也不在这家买了，电脑的物流太让人失望了。
给家人买的充电宝，他们说价格很好。,1,正面,17,给家人买的充电宝，他们说价格很好。
收到手机了，物流比想象中好，颜色也好看。,1,正面,20,收到手机了，物流比想象中好，颜色也好看。
衣服物流很好，很满意！。,1,正面,12,衣服物流很好，很满意！。
鞋子功能很好，很满意！,1,正面,11,鞋子功能很好，很满意！
这个价钱买到这么好的充电宝，功能还这么好，太值了。,1,正面,25,这个价钱买到这么好的充电宝，功能还这么好，太值了。
太坑了，书包的价格和描述完全不一样。,0,负面,18,太坑了，书包的价格和描述完全不一样。
太坑了，手机的包装和描述完全不一样。,0,负面,18,太坑了，手机的包装和描述完全不一样。
台灯包装很好，很满意！！,1,正面,12,台灯包装很好，很满意！！
这个台灯的做工超出了我的预期，很惊喜。,1,正面,19,这个台灯的做工超出了我的预期，很惊喜。
收到鞋子了，尺寸很差，申请退货中。。,0,负面,18,收到鞋子了，尺寸很差，申请退货中。。
退货了，水杯的质量完全不能用，浪费时间。,0,负面,20,退货了，水杯的质量完全不能用，浪费时间。
再也不在这家买了，鞋子的材质太让人失望了。,0,负面,21,再也不在这家买了，鞋子的材质太让人失望了。
被图片骗了，实际台灯的客服很差，不值这个价。,0,负面,22,被图片骗了，实际台灯的客服很差，不值这个价。
充电宝的尺寸真的是太差了，一次糟糕的购物体验。,0,负面,23,充电宝的尺寸真的是太差了，一次糟糕的购物体验。
买回来用了几天，台灯的颜色确实好。,1,正面,17,买回来用了几天，台灯的颜色确实好。
电脑的物流很好，物流也快，五星好评。,1,正面,18,电脑的物流很好，物流也快，五星好评。
这个手机的价格超出了我的预期，很惊喜。,1,正面,19,这个手机的价格超出了我的预期，很惊喜。
这个充电宝的做工不行，建议大家别买。,0,负面,18,这个充电宝的做工不行，建议大家别买。
手机颜色很差，根本不值这个价。,0,负面,15,手机颜色很差，根本不值这个价。
收到电脑了，包装很差，申请退货中。,0,负面,17,收到电脑了，包装很差，申请退货中。
买回来用了几天，衣服的功能确实好。,1,正面,17,买回来用了几天，衣服的功能确实好。
收到充电宝了，客服很差，申请退货中。,0,负面,18,收到充电宝了，客服很差，申请退货中。
买回来就发现书包的质量有问题，很失望。,0,负面,19,买回来就发现书包的质量有问题，很失望。
物流慢也就算了，手表的物流还这么差，差评。,0,负面,21,物流慢也就算了，手表的物流还这么差，差评。
鞋子的包装太差了，非常后悔。,0,负面,14,鞋子的包装太差了，非常后悔。
被图片骗了，实际手机的价格很差，不值这个价。,0,负面,22,被图片骗了，实际手机的价格很差，不值这个价。
书包物流很棒，价格也合理，好评。，推荐！,1,正面,20,书包物流很棒，价格也合理，好评。，推荐！
太坑了，手表的质量和描述完全不一样。，推荐！,0,负面,22,太坑了，手表的质量和描述完全不一样。，推荐！
用了没几天鞋子的价格就出问题了，差评。,0,负面,19,用了没几天鞋子的价格就出问题了，差评。
买回来用了几天，水杯的包装确实好。,1,正面,17,买回来用了几天，水杯的包装确实好。
台灯的包装很好，物流也快，五星好评。,1,正面,18,台灯的包装很好，物流也快，五星好评。
手表的物流很好，物流也快，五星好评。！,1,正面,19,手表的物流很好，物流也快，五星好评。！
手表的价格很好，做工精细，很喜欢。,1,正面,17,手表的价格很好，做工精细，很喜欢。
电脑颜色很好，很满意！,1,正面,11,电脑颜色很好，很满意！
这个衣服的质量不错，推荐给大家。,1,正面,16,这个衣服的质量不错，推荐给大家。
这个充电宝的做工很差，和图片上的完全不一样。,0,负面,22,这个充电宝的做工很差，和图片上的完全不一样。
第二次回购了，手机的包装一如既往的好。,1,正面,19,第二次回购了，手机的包装一如既往的好。
第二次回购了，充电宝的颜色一如既往的好。！,1,正面,21,第二次回购了，充电宝的颜色一如既往的好。！
台灯的外观很好，做工精细，很喜欢。,1,正面,17,台灯的外观很好，做工精细，很喜欢。
买回来就发现水杯的包装有问题，很失望。,0,负面,19,买回来就发现水杯的包装有问题，很失望。
好评！充电宝的材质很好，客服态度也好。,1,正面,19,好评！充电宝的材质很好，客服态度也好。
这个衣服的功能真的不行，不如实体店买。,0,负面,19,这个衣服的功能真的不行，不如实体店买。
这个价钱买到这么好的水杯，客服还这么好，太值了。,1,正面,24,这个价钱买到这么好的水杯，客服还这么好，太值了。
收到台灯了，功能比想象中好，颜色也好看。，推荐！,1,正面,24,收到台灯了，功能比想象中好，颜色也好看。，推荐！
对比了好几家才选的这家，电脑的颜色确实好。,1,正面,21,对比了好几家才选的这家，电脑的颜色确实好。
这个价钱买到这么好的手表，做工还这么好，太值了。。,1,正面,25,这个价钱买到这么好的手表，做工还这么好，太值了。。
客服态度差，耳机的做工也有问题，体验很差。,0,负面,21,客服态度差，耳机的做工也有问题，体验很差。
这个台灯的材质超出了我的预期，很惊喜。，不推荐！,1,正面,24,这个台灯的材质超出了我的预期，很惊喜。，不推荐！
书包价格很棒，价格也合理，好评。,1,正面,16,书包价格很棒，价格也合理，好评。
衣服外观很好，很满意！,1,正面,11,衣服外观很好，很满意！
耳机物流很好，很满意！,1,正面,11,耳机物流很好，很满意！
客服态度差，鞋子的颜色也有问题，体验很差。！建议大家参考。,0,负面,29,客服态度差，鞋子的颜色也有问题，体验很差。！建议大家参考。
第二次回购了，水杯的做工一如既往的好。,1,正面,19,第二次回购了，水杯的做工一如既往的好。
给家人买的充电宝，他们说物流很好。,1,正面,17,给家人买的充电宝，他们说物流很好。
鞋子的材质太差了，非常后悔。,0,负面,14,鞋子的材质太差了，非常后悔。
耳机价格很棒，价格也合理，好评。,1,正面,16,耳机价格很棒，价格也合理，好评。
书包的质量真的是太差了，一次糟糕的购物体验。。,0,负面,23,书包的质量真的是太差了，一次糟糕的购物体验。。
手机的功能很好，做工精细，很喜欢。,1,正面,17,手机的功能很好，做工精细，很喜欢。
耳机质量很好，很满意！,1,正面,11,耳机质量很好，很满意！
太坑了，衣服的质量和描述完全不一样。,0,负面,18,太坑了，衣服的质量和描述完全不一样。
台灯颜色很差，根本不值这个价。,0,负面,15,台灯颜色很差，根本不值这个价。
被图片骗了，实际电脑的颜色很差，不值这个价。,0,负面,22,被图片骗了，实际电脑的颜色很差，不值这个价。
收到手表了，客服比想象中好，颜色也好看。,1,正面,20,收到手表了，客服比想象中好，颜色也好看。
水杯价格很棒，价格也合理，好评。,1,正面,16,水杯价格很棒，价格也合理，好评。
这个手表的功能超出了我的预期，很惊喜。,1,正面,19,这个手表的功能超出了我的预期，很惊喜。
电脑材质很棒，价格也合理，好评。,1,正面,16,电脑材质很棒，价格也合理，好评。
这个衣服的颜色很差，和图片上的完全不一样。,0,负面,21,这个衣服的颜色很差，和图片上的完全不一样。
这个充电宝的功能很差，和图片上的完全不一样。,0,负面,22,这个充电宝的功能很差，和图片上的完全不一样。
这个手表的尺寸很差，和图片上的完全不一样。，推荐！,0,负面,25,这个手表的尺寸很差，和图片上的完全不一样。，推荐！
对比了好几家才选的这家，手机的材质确实好。,1,正面,21,对比了好几家才选的这家，手机的材质确实好。
衣服质量很差，根本不值这个价。,0,负面,15,衣服质量很差，根本不值这个价。
好评！水杯的客服很好，客服态度也好。,1,正面,18,好评！水杯的客服很好，客服态度也好。
物流慢也就算了，手机的物流还这么差，差评。,0,负面,21,物流慢也就算了，手机的物流还这么差，差评。
买回来就发现书包的材质有问题，很失望。，不推荐！,0,负面,24,买回来就发现书包的材质有问题，很失望。，不推荐！
鞋子的客服很好，物流也快，五星好评。,1,正面,18,鞋子的客服很好，物流也快，五星好评。
物流慢也就算了，台灯的功能还这么差，差评。,0,负面,21,物流慢也就算了，台灯的功能还这么差，差评。
这个衣服的做工不行，建议大家别买。,0,负面,17,这个衣服的做工不行，建议大家别买。
给家人买的衣服，他们说包装很好。,1,正面,16,给家人买的衣服，他们说包装很好。
给家人买的衣服，他们说外观很好。,1,正面,16,给家人买的衣服，他们说外观很好。
买回来就发现电脑的做工有问题，很失望。,0,负面,19,买回来就发现电脑的做工有问题，很失望。
收到手机了，材质很差，申请退货中。！,0,负面,18,收到手机了，材质很差，申请退货中。！
书包物流很好，很满意！！,1,正面,12,书包物流很好，很满意！！
被图片骗了，实际手机的颜色很差，不值这个价。,0,负面,22,被图片骗了，实际手机的颜色很差，不值这个价。
水杯做工很差，根本不值这个价。，推荐！,0,负面,19,水杯做工很差，根本不值这个价。，推荐！
买回来用了几天，电脑的外观确实好。,1,正面,17,买回来用了几天，电脑的外观确实好。
衣服的做工很好，物流也快，五星好评。,1,正面,18,衣服的做工很好，物流也快，五星好评。
对比了好几家才选的这家，书包的包装确实好。,1,正面,21,对比了好几家才选的这家，书包的包装确实好。
第二次回购了，书包的外观一如既往的好。,1,正面,19,第二次回购了，书包的外观一如既往的好。
这个价钱买到这么好的书包，外观还这么好，太值了。,1,正面,24,这个价钱买到这么好的书包，外观还这么好，太值了。
手机的包装太差了，非常后悔。,0,负面,14,手机的包装太差了，非常后悔。
充电宝的外观超出预期，值得购买。,1,正面,16,充电宝的外观超出预期，值得购买。
给家人买的手机，他们说颜色很好。,1,正面,16,给家人买的手机，他们说颜色很好。
性价比很高的水杯，材质没让我失望。,1,正面,17,性价比很高的水杯，材质没让我失望。
水杯物流很棒，价格也合理，好评。,1,正面,16,水杯物流很棒，价格也合理，好评。
电脑的质量很好，物流也快，五星好评。,1,正面,18,电脑的质量很好，物流也快，五星好评。
被图片骗了，实际衣服的材质很差，不值这个价。,0,负面,22,被图片骗了，实际衣服的材质很差，不值这个价。
给家人买的手表，他们说材质很好。,1,正面,16,给家人买的手表，他们说材质很好。
对比了好几家才选的这家，衣服的物流确实好。,1,正面,21,对比了好几家才选的这家，衣服的物流确实好。
水杯的客服很好，做工精细，很喜欢。。,1,正面,18,水杯的客服很好，做工精细，很喜欢。。
这个充电宝的颜色很差，和图片上的完全不一样。,0,负面,22,这个充电宝的颜色很差，和图片上的完全不一样。
这个台灯的质量不错，推荐给大家。！,1,正面,17,这个台灯的质量不错，推荐给大家。！
用了没几天电脑的价格就出问题了，差评。，推荐！,0,负面,23,用了没几天电脑的价格就出问题了，差评。，推荐！
这个价钱买到这么好的台灯，价格还这么好，太值了。，不推荐！,1,正面,29,这个价钱买到这么好的台灯，价格还这么好，太值了。，不推荐！
收到水杯了，材质很差，申请退货中。,0,负面,17,收到水杯了，材质很差，申请退货中。
鞋子材质很好，很满意！,1,正面,11,鞋子材质很好，很满意！
书包的做工超出预期，值得购买。,1,正面,15,书包的做工超出预期，值得购买。
这个书包的材质不错，推荐给大家。！建议大家参考。,1,正面,24,这个书包的材质不错，推荐给大家。！建议大家参考。
这个耳机的材质真的不行，不如实体店买。,0,负面,19,这个耳机的材质真的不行，不如实体店买。
退货了，手表的功能完全不能用，浪费时间。，不推荐！,0,负面,25,退货了，手表的功能完全不能用，浪费时间。，不推荐！
第二次回购了，手机的质量一如既往的好。,1,正面,19,第二次回购了，手机的质量一如既往的好。
收到鞋子了，功能比想象中好，颜色也好看。,1,正面,20,收到鞋子了，功能比想象中好，颜色也好看。
买回来就发现充电宝的物流有问题，很失望。,0,负面,20,买回来就发现充电宝的物流有问题，很失望。
太坑了，台灯的价格和描述完全不一样。,0,负面,18,太坑了，台灯的价格和描述完全不一样。
性价比很高的电脑，价格没让我失望。,1,正面,17,性价比很高的电脑，价格没让我失望。
这个充电宝的价格不行，建议大家别买。,0,负面,18,这个充电宝的价格不行，建议大家别买。
鞋子的颜色真的是太差了，一次糟糕的购物体验。,0,负面,22,鞋子的颜色真的是太差了，一次糟糕的购物体验。
这个电脑的功能不错，推荐给大家。！建议大家参考。,1,正面,24,这个电脑的功能不错，推荐给大家。！建议大家参考。
这个台灯的外观不错，推荐给大家。,1,正面,16,这个台灯的外观不错，推荐给大家。
手机的质量很好，做工精细，很喜欢。！,1,正面,18,手机的质量很好，做工精细，很喜欢。！
这个台灯的客服真的不行，不如实体店买。,0,负面,19,这个台灯的客服真的不行，不如实体店买。
用了没几天水杯的质量就出问题了，差评。,0,负面,19,用了没几天水杯的质量就出问题了，差评。
收到充电宝了，做工很差，申请退货中。,0,负面,18,收到充电宝了，做工很差，申请退货中。
收到衣服了，价格很差，申请退货中。！建议大家参考。,0,负面,25,收到衣服了，价格很差，申请退货中。！建议大家参考。
这个手机的做工不错，推荐给大家。,1,正面,16,这个手机的做工不错，推荐给大家。
太坑了，水杯的材质和描述完全不一样。,0,负面,18,太坑了，水杯的材质和描述完全不一样。
书包的尺寸太差了，非常后悔。,0,负面,14,书包的尺寸太差了，非常后悔。
这个书包的功能超出了我的预期，很惊喜。！,1,正面,20,这个书包的功能超出了我的预期，很惊喜。！
耳机的物流很好，物流也快，五星好评。,1,正面,18,耳机的物流很好，物流也快，五星好评。
客服态度差，水杯的价格也有问题，体验很差。,0,负面,21,客服态度差，水杯的价格也有问题，体验很差。
对比了好几家才选的这家，水杯的包装确实好。,1,正面,21,对比了好几家才选的这家，水杯的包装确实好。
客服态度差，耳机的价格也有问题，体验很差。,0,负面,21,客服态度差，耳机的价格也有问题，体验很差。
鞋子的物流很好，做工精细，很喜欢。,1,正面,17,鞋子的物流很好，做工精细，很喜欢。
这个耳机的功能不行，建议大家别买。，不推荐！,0,负面,22,这个耳机的功能不行，建议大家别买。，不推荐！
书包的做工很好，做工精细，很喜欢。。,1,正面,18,书包的做工很好，做工精细，很喜欢。。
物流慢也就算了，充电宝的质量还这么差，差评。，推荐！,0,负面,26,物流慢也就算了，充电宝的质量还这么差，差评。，推荐！
这个衣服的包装超出了我的预期，很惊喜。,1,正面,19,这个衣服的包装超出了我的预期，很惊喜。
收到鞋子了，功能很差，申请退货中。，推荐！,0,负面,21,收到鞋子了，功能很差，申请退货中。，推荐！
太坑了，衣服的包装和描述完全不一样。,0,负面,18,太坑了，衣服的包装和描述完全不一样。
对比了好几家才选的这家，台灯的外观确实好。，不推荐！,1,正面,26,对比了好几家才选的这家，台灯的外观确实好。，不推荐！
买回来就发现充电宝的包装有问题，很失望。,0,负面,20,买回来就发现充电宝的包装有问题，很失望。
耳机的客服超出预期，值得购买。。,1,正面,16,耳机的客服超出预期，值得购买。。
买回来用了几天，充电宝的包装确实好。,1,正面,18,买回来用了几天，充电宝的包装确实好。
这个鞋子的颜色真的不行，不如实体店买。,0,负面,19,这个鞋子的颜色真的不行，不如实体店买。
水杯做工很好，很满意！,1,正面,11,水杯做工很好，很满意！
台灯的价格真的是太差了，一次糟糕的购物体验。,0,负面,22,台灯的价格真的是太差了，一次糟糕的购物体验。
给家人买的鞋子，他们说外观很好。,1,正面,16,给家人买的鞋子，他们说外观很好。
这个价钱买到这么好的台灯，外观还这么好，太值了。，不推荐！,1,正面,29,这个价钱买到这么好的台灯，外观还这么好，太值了。，不推荐！
收到充电宝了，价格比想象中好，颜色也好看。,1,正面,21,收到充电宝了，价格比想象中好，颜色也好看。
再也不在这家买了，充电宝的质量太让人失望了。,0,负面,22,再也不在这家买了，充电宝的质量太让人失望了。
电脑材质很好，很满意！，不推荐！,1,正面,16,电脑材质很好，很满意！，不推荐！
给家人买的充电宝，他们说颜色很好。,1,正面,17,给家人买的充电宝，他们说颜色很好。
电脑的颜色超出预期，值得购买。,1,正面,15,电脑的颜色超出预期，值得购买。
这个耳机的尺寸很差，和图片上的完全不一样。，推荐！,0,负面,25,这个耳机的尺寸很差，和图片上的完全不一样。，推荐！
太坑了，手机的做工和描述完全不一样。，不推荐！,0,负面,23,太坑了，手机的做工和描述完全不一样。，不推荐！
退货了，水杯的客服完全不能用，浪费时间。，不推荐！,0,负面,25,退货了，水杯的客服完全不能用，浪费时间。，不推荐！
太坑了，充电宝的颜色和描述完全不一样。,0,负面,19,太坑了，充电宝的颜色和描述完全不一样。
客服态度差，水杯的客服也有问题，体验很差。,0,负面,21,客服态度差，水杯的客服也有问题，体验很差。
收到书包了，材质比想象中好，颜色也好看。,1,正面,20,收到书包了，材质比想象中好，颜色也好看。
这个耳机的做工不错，推荐给大家。,1,正面,16,这个耳机的做工不错，推荐给大家。
这个鞋子的功能真的不行，不如实体店买。,0,负面,19,这个鞋子的功能真的不行，不如实体店买。
给家人买的手机，他们说质量很好。,1,正面,16,给家人买的手机，他们说质量很好。
收到充电宝了，客服比想象中好，颜色也好看。,1,正面,21,收到充电宝了，客服比想象中好，颜色也好看。
这个衣服的包装真的不行，不如实体店买。,0,负面,19,这个衣服的包装真的不行，不如实体店买。
耳机外观很棒，价格也合理，好评。,1,正面,16,耳机外观很棒，价格也合理，好评。
这个电脑的客服不行，建议大家别买。,0,负面,17,这个电脑的客服不行，建议大家别买。
物流慢也就算了，手表的包装还这么差，差评。,0,负面,21,物流慢也就算了，手表的包装还这么差，差评。
太坑了，鞋子的质量和描述完全不一样。,0,负面,18,太坑了，鞋子的质量和描述完全不一样。
这个耳机的物流不行，建议大家别买。,0,负面,17,这个耳机的物流不行，建议大家别买。
充电宝的物流超出预期，值得购买。,1,正面,16,充电宝的物流超出预期，值得购买。
性价比很高的鞋子，做工没让我失望。,1,正面,17,性价比很高的鞋子，做工没让我失望。
对比了好几家才选的这家，衣服的做工确实好。,1,正面,21,对比了好几家才选的这家，衣服的做工确实好。
这个价钱买到这么好的手机，材质还这么好，太值了。,1,正面,24,这个价钱买到这么好的手机，材质还这么好，太值了。
这个书包的功能不错，推荐给大家。,1,正面,16,这个书包的功能不错，推荐给大家。
再也不在这家买了，台灯的功能太让人失望了。,0,负面,21,再也不在这家买了，台灯的功能太让人失望了。
性价比很高的手表，功能没让我失望。,1,正面,17,性价比很高的手表，功能没让我失望。
衣服外观很棒，价格也合理，好评。,1,正面,16,衣服外观很棒，价格也合理，好评。
收到充电宝了，物流很差，申请退货中。,0,负面,18,收到充电宝了，物流很差，申请退货中。
性价比很高的手机，包装没让我失望。，不推荐！,1,正面,22,性价比很高的手机，包装没让我失望。，不推荐！
这个水杯的质量不错，推荐给大家。,1,正面,16,这个水杯的质量不错，推荐给大家。
这个充电宝的颜色不错，推荐给大家。,1,正面,17,这个充电宝的颜色不错，推荐给大家。
水杯的功能太差了，非常后悔。,0,负面,14,水杯的功能太差了，非常后悔。
收到衣服了，做工比想象中好，颜色也好看。,1,正面,20,收到衣服了，做工比想象中好，颜色也好看。
书包质量很好，很满意！,1,正面,11,书包质量很好，很满意！
这个手表的质量不错，推荐给大家。,1,正面,16,这个手表的质量不错，推荐给大家。
鞋子的包装很好，物流也快，五星好评。。,1,正面,19,鞋子的包装很好，物流也快，五星好评。。
这个价钱买到这么好的耳机，功能还这么好，太值了。,1,正面,24,这个价钱买到这么好的耳机，功能还这么好，太值了。
台灯的做工很好，物流也快，五星好评。,1,正面,18,台灯的做工很好，物流也快，五星好评。
手机的客服超出预期，值得购买。,1,正面,15,手机的客服超出预期，值得购买。
这个充电宝的物流很差，和图片上的完全不一样。,0,负面,22,这个充电宝的物流很差，和图片上的完全不一样。
太坑了，衣服的尺寸和描述完全不一样。。,0,负面,19,太坑了，衣服的尺寸和描述完全不一样。。
这个手机的功能不行，建议大家别买。，不推荐！,0,负面,22,这个手机的功能不行，建议大家别买。，不推荐！
第二次回购了，书包的做工一如既往的好。,1,正面,19,第二次回购了，书包的做工一如既往的好。
充电宝的材质很好，物流也快，五星好评。！,1,正面,20,充电宝的材质很好，物流也快，五星好评。！
手表材质很棒，价格也合理，好评。，推荐！,1,正面,20,手表材质很棒，价格也合理，好评。，推荐！
被图片骗了，实际衣服的质量很差，不值这个价。！,0,负面,23,被图片骗了，实际衣服的质量很差，不值这个价。！
再也不在这家买了，水杯的颜色太让人失望了。,0,负面,21,再也不在这家买了，水杯的颜色太让人失望了。
衣服的材质超出预期，值得购买。，不推荐！,1,正面,20,衣服的材质超出预期，值得购买。，不推荐！
这个手机的材质不行，建议大家别买。，不推荐！,0,负面,22,这个手机的材质不行，建议大家别买。，不推荐！
收到书包了，客服很差，申请退货中。,0,负面,17,收到书包了，客服很差，申请退货中。
再也不在这家买了，耳机的做工太让人失望了。,0,负面,21,再也不在这家买了，耳机的做工太让人失望了。
给家人买的电脑，他们说材质很好。，不推荐！,1,正面,21,给家人买的电脑，他们说材质很好。，不推荐！
电脑的材质真的是太差了，一次糟糕的购物体验。,0,负面,22,电脑的材质真的是太差了，一次糟糕的购物体验。
耳机的做工很好，做工精细，很喜欢。,1,正面,17,耳机的做工很好，做工精细，很喜欢。
再也不在这家买了，衣服的功能太让人失望了。,0,负面,21,再也不在这家买了，衣服的功能太让人失望了。
客服态度差，电脑的价格也有问题，体验很差。,0,负面,21,客服态度差，电脑的价格也有问题，体验很差。
充电宝的质量真的是太差了，一次糟糕的购物体验。,0,负面,23,充电宝的质量真的是太差了，一次糟糕的购物体验。
这个耳机的质量不行，建议大家别买。,0,负面,17,这个耳机的质量不行，建议大家别买。
鞋子的价格真的是太差了，一次糟糕的购物体验。,0,负面,22,鞋子的价格真的是太差了，一次糟糕的购物体验。
买回来就发现手机的客服有问题，很失望。！建议大家参考。,0,负面,27,买回来就发现手机的客服有问题，很失望。！建议大家参考。
这个价钱买到这么好的台灯，材质还这么好，太值了。,1,正面,24,这个价钱买到这么好的台灯，材质还这么好，太值了。
退货了，手表的尺寸完全不能用，浪费时间。,0,负面,20,退货了，手表的尺寸完全不能用，浪费时间。
物流慢也就算了，鞋子的价格还这么差，差评。,0,负面,21,物流慢也就算了，鞋子的价格还这么差，差评。
客服态度差，充电宝的物流也有问题，体验很差。,0,负面,22,客服态度差，充电宝的物流也有问题，体验很差。
太坑了，衣服的客服和描述完全不一样。,0,负面,18,太坑了，衣服的客服和描述完全不一样。
手机的价格太差了，非常后悔。,0,负面,14,手机的价格太差了，非常后悔。
第二次回购了，台灯的颜色一如既往的好。,1,正面,19,第二次回购了，台灯的颜色一如既往的好。
衣服的价格真的是太差了，一次糟糕的购物体验。,0,负面,22,衣服的价格真的是太差了，一次糟糕的购物体验。
这个手机的价格很差，和图片上的完全不一样。，推荐！,0,负面,25,这个手机的价格很差，和图片上的完全不一样。，推荐！
客服态度差，电脑的材质也有问题，体验很差。,0,负面,21,客服态度差，电脑的材质也有问题，体验很差。
退货了，台灯的物流完全不能用，浪费时间。,0,负面,20,退货了，台灯的物流完全不能用，浪费时间。
这个手表的做工超出了我的预期，很惊喜。,1,正面,19,这个手表的做工超出了我的预期，很惊喜。
对比了好几家才选的这家，台灯的颜色确实好。，推荐！,1,正面,25,对比了好几家才选的这家，台灯的颜色确实好。，推荐！
好评！充电宝的功能很好，客服态度也好。。,1,正面,20,好评！充电宝的功能很好，客服态度也好。。
这个台灯的外观超出了我的预期，很惊喜。！建议大家参考。,1,正面,27,这个台灯的外观超出了我的预期，很惊喜。！建议大家参考。
这个衣服的颜色超出了我的预期，很惊喜。,1,正面,19,这个衣服的颜色超出了我的预期，很惊喜。
客服态度差，衣服的包装也有问题，体验很差。。,0,负面,22,客服态度差，衣服的包装也有问题，体验很差。。
充电宝的质量超出预期，值得购买。,1,正面,16,充电宝的质量超出预期，值得购买。
这个台灯的物流很差，和图片上的完全不一样。,0,负面,21,这个台灯的物流很差，和图片上的完全不一样。
买回来用了几天，电脑的价格确实好。,1,正面,17,买回来用了几天，电脑的价格确实好。
太坑了，衣服的物流和描述完全不一样。,0,负面,18,太坑了，衣服的物流和描述完全不一样。
好评！书包的做工很好，客服态度也好。,1,正面,18,好评！书包的做工很好，客服态度也好。
好评！手机的客服很好，客服态度也好。，推荐！,1,正面,22,好评！手机的客服很好，客服态度也好。，推荐！
水杯的包装很好，物流也快，五星好评。,1,正面,18,水杯的包装很好，物流也快，五星好评。
好评！书包的客服很好，客服态度也好。,1,正面,18,好评！书包的客服很好，客服态度也好。
退货了，鞋子的做工完全不能用，浪费时间。,0,负面,20,退货了，鞋子的做工完全不能用，浪费时间。
被图片骗了，实际耳机的颜色很差，不值这个价。,0,负面,22,被图片骗了，实际耳机的颜色很差，不值这个价。
耳机的质量太差了，非常后悔。,0,负面,14,耳机的质量太差了，非常后悔。
衣服做工很差，根本不值这个价。,0,负面,15,衣服做工很差，根本不值这个价。
这个衣服的功能不行，建议大家别买。！,0,负面,18,这个衣服的功能不行，建议大家别买。！
买回来就发现水杯的包装有问题，很失望。！,0,负面,20,买回来就发现水杯的包装有问题，很失望。！
用了没几天手表的质量就出问题了，差评。,0,负面,19,用了没几天手表的质量就出问题了，差评。
买回来用了几天，鞋子的质量确实好。,1,正面,17,买回来用了几天，鞋子的质量确实好。
鞋子的功能太差了，非常后悔。,0,负面,14,鞋子的功能太差了，非常后悔。
物流慢也就算了，水杯的价格还这么差，差评。。,0,负面,22,物流慢也就算了，水杯的价格还这么差，差评。。
再也不在这家买了，水杯的材质太让人失望了。,0,负面,21,再也不在这家买了，水杯的材质太让人失望了。
再也不在这家买了，电脑的尺寸太让人失望了。,0,负面,21,再也不在这家买了，电脑的尺寸太让人失望了。
这个电脑的功能不错，推荐给大家。！,1,正面,17,这个电脑的功能不错，推荐给大家。！
这个水杯的材质不错，推荐给大家。,1,正面,16,这个水杯的材质不错，推荐给大家。
对比了好几家才选的这家，手机的做工确实好。，推荐！,1,正面,25,对比了好几家才选的这家，手机的做工确实好。，推荐！
这个手表的材质很差，和图片上的完全不一样。,0,负面,21,这个手表的材质很差，和图片上的完全不一样。
这个价钱买到这么好的台灯，包装还这么好，太值了。,1,正面,24,这个价钱买到这么好的台灯，包装还这么好，太值了。
买回来就发现台灯的材质有问题，很失望。，不推荐！,0,负面,24,买回来就发现台灯的材质有问题，很失望。，不推荐！
物流慢也就算了，台灯的尺寸还这么差，差评。,0,负面,21,物流慢也就算了，台灯的尺寸还这么差，差评。
收到衣服了，功能很差，申请退货中。,0,负面,17,收到衣服了，功能很差，申请退货中。
这个电脑的材质很差，和图片上的完全不一样。,0,负面,21,这个电脑的材质很差，和图片上的完全不一样。
这个价钱买到这么好的手表，功能还这么好，太值了。,1,正面,24,这个价钱买到这么好的手表，功能还这么好，太值了。
收到手表了，客服很差，申请退货中。,0,负面,17,收到手表了，客服很差，申请退货中。
对比了好几家才选的这家，手表的物流确实好。,1,正面,21,对比了好几家才选的这家，手表的物流确实好。
好评！鞋子的功能很好，客服态度也好。,1,正面,18,好评！鞋子的功能很好，客服态度也好。
退货了，手表的颜色完全不能用，浪费时间。！,0,负面,21,退货了，手表的颜色完全不能用，浪费时间。！
对比了好几家才选的这家，耳机的包装确实好。,1,正面,21,对比了好几家才选的这家，耳机的包装确实好。
收到手表了，颜色比想象中好，颜色也好看。！,1,正面,21,收到手表了，颜色比想象中好，颜色也好看。！
电脑客服很好，很满意！！,1,正面,12,电脑客服很好，很满意！！
手表价格很差，根本不值这个价。,0,负面,15,手表价格很差，根本不值这个价。
这个价钱买到这么好的电脑，价格还这么好，太值了。,1,正面,24,这个价钱买到这么好的电脑，价格还这么好，太值了。
这个电脑的质量很差，和图片上的完全不一样。！建议大家参考。,0,负面,29,这个电脑的质量很差，和图片上的完全不一样。！建议大家参考。
这个价钱买到这么好的水杯，材质还这么好，太值了。,1,正面,24,这个价钱买到这么好的水杯，材质还这么好，太值了。
给家人买的手表，他们说价格很好。,1,正面,16,给家人买的手表，他们说价格很好。
被图片骗了，实际耳机的客服很差，不值这个价。,0,负面,22,被图片骗了，实际耳机的客服很差，不值这个价。
这个手表的质量超出了我的预期，很惊喜。,1,正面,19,这个手表的质量超出了我的预期，很惊喜。
退货了，水杯的物流完全不能用，浪费时间。,0,负面,20,退货了，水杯的物流完全不能用，浪费时间。
对比了好几家才选的这家，手表的做工确实好。,1,正面,21,对比了好几家才选的这家，手表的做工确实好。
收到耳机了，包装比想象中好，颜色也好看。,1,正面,20,收到耳机了，包装比想象中好，颜色也好看。
电脑的外观很好，做工精细，很喜欢。,1,正面,17,电脑的外观很好，做工精细，很喜欢。
买回来用了几天，手表的外观确实好。,1,正面,17,买回来用了几天，手表的外观确实好。
这个手机的包装很差，和图片上的完全不一样。,0,负面,21,这个手机的包装很差，和图片上的完全不一样。
买回来用了几天，水杯的做工确实好。,1,正面,17,买回来用了几天，水杯的做工确实好。
书包包装很棒，价格也合理，好评。,1,正面,16,书包包装很棒，价格也合理，好评。
买回来就发现台灯的颜色有问题，很失望。。,0,负面,20,买回来就发现台灯的颜色有问题，很失望。。
退货了，手机的颜色完全不能用，浪费时间。,0,负面,20,退货了，手机的颜色完全不能用，浪费时间。
收到手表了，物流比想象中好，颜色也好看。,1,正面,20,收到手表了，物流比想象中好，颜色也好看。
书包的物流很好，物流也快，五星好评。,1,正面,18,书包的物流很好，物流也快，五星好评。
台灯的质量太差了，非常后悔。,0,负面,14,台灯的质量太差了，非常后悔。
这个书包的颜色很差，和图片上的完全不一样。,0,负面,21,这个书包的颜色很差，和图片上的完全不一样。
这个手机的材质很差，和图片上的完全不一样。,0,负面,21,这个手机的材质很差，和图片上的完全不一样。
买回来就发现手表的物流有问题，很失望。,0,负面,19,买回来就发现手表的物流有问题，很失望。
这个电脑的功能很差，和图片上的完全不一样。,0,负面,21,这个电脑的功能很差，和图片上的完全不一样。
买回来就发现手机的材质有问题，很失望。,0,负面,19,买回来就发现手机的材质有问题，很失望。
这个电脑的做工超出了我的预期，很惊喜。，不推荐！,1,正面,24,这个电脑的做工超出了我的预期，很惊喜。，不推荐！
书包的做工真的是太差了，一次糟糕的购物体验。,0,负面,22,书包的做工真的是太差了，一次糟糕的购物体验。
客服态度差，台灯的尺寸也有问题，体验很差。,0,负面,21,客服态度差，台灯的尺寸也有问题，体验很差。
用了没几天耳机的价格就出问题了，差评。,0,负面,19,用了没几天耳机的价格就出问题了，差评。
书包的价格太差了，非常后悔。,0,负面,14,书包的价格太差了，非常后悔。
好评！耳机的材质很好，客服态度也好。，推荐！,1,正面,22,好评！耳机的材质很好，客服态度也好。，推荐！
这个鞋子的质量真的不行，不如实体店买。,0,负面,19,这个鞋子的质量真的不行，不如实体店买。
性价比很高的鞋子，外观没让我失望。,1,正面,17,性价比很高的鞋子，外观没让我失望。
书包颜色很好，很满意！,1,正面,11,书包颜色很好，很满意！
水杯的尺寸真的是太差了，一次糟糕的购物体验。,0,负面,22,水杯的尺寸真的是太差了，一次糟糕的购物体验。
客服态度差，手机的包装也有问题，体验很差。,0,负面,21,客服态度差，手机的包装也有问题，体验很差。
衣服功能很差，根本不值这个价。,0,负面,15,衣服功能很差，根本不值这个价。
买回来用了几天，手表的功能确实好。,1,正面,17,买回来用了几天，手表的功能确实好。
这个耳机的功能不行，建议大家别买。！,0,负面,18,这个耳机的功能不行，建议大家别买。！
书包客服很好，很满意！,1,正面,11,书包客服很好，很满意！
买回来用了几天，充电宝的价格确实好。。,1,正面,19,买回来用了几天，充电宝的价格确实好。。
收到台灯了，材质很差，申请退货中。,0,负面,17,收到台灯了，材质很差，申请退货中。
这个价钱买到这么好的手表，包装还这么好，太值了。,1,正面,24,这个价钱买到这么好的手表，包装还这么好，太值了。
给家人买的充电宝，他们说做工很好。，不推荐！,1,正面,22,给家人买的充电宝，他们说做工很好。，不推荐！
对比了好几家才选的这家，耳机的质量确实好。,1,正面,21,对比了好几家才选的这家，耳机的质量确实好。
用了没几天手表的做工就出问题了，差评。,0,负面,19,用了没几天手表的做工就出问题了，差评。
太坑了，充电宝的包装和描述完全不一样。,0,负面,19,太坑了，充电宝的包装和描述完全不一样。
收到鞋子了，颜色比想象中好，颜色也好看。,1,正面,20,收到鞋子了，颜色比想象中好，颜色也好看。
太坑了，水杯的功能和描述完全不一样。,0,负面,18,太坑了，水杯的功能和描述完全不一样。
第二次回购了，手表的颜色一如既往的好。,1,正面,19,第二次回购了，手表的颜色一如既往的好。
物流慢也就算了，手表的客服还这么差，差评。，推荐！,0,负面,25,物流慢也就算了，手表的客服还这么差，差评。，推荐！
耳机的客服很好，做工精细，很喜欢。,1,正面,17,耳机的客服很好，做工精细，很喜欢。
收到耳机了，质量比想象中好，颜色也好看。！,1,正面,21,收到耳机了，质量比想象中好，颜色也好看。！
性价比很高的耳机，外观没让我失望。,1,正面,17,性价比很高的耳机，外观没让我失望。
耳机质量很棒，价格也合理，好评。！,1,正面,17,耳机质量很棒，价格也合理，好评。！
收到衣服了，外观比想象中好，颜色也好看。,1,正面,20,收到衣服了，外观比想象中好，颜色也好看。
收到手机了，颜色很差，申请退货中。！建议大家参考。,0,负面,25,收到手机了，颜色很差，申请退货中。！建议大家参考。
这个价钱买到这么好的手机，颜色还这么好，太值了。,1,正面,24,这个价钱买到这么好的手机，颜色还这么好，太值了。
物流慢也就算了，台灯的价格还这么差，差评。,0,负面,21,物流慢也就算了，台灯的价格还这么差，差评。
第二次回购了，手表的包装一如既往的好。,1,正面,19,第二次回购了，手表的包装一如既往的好。
手表物流很棒，价格也合理，好评。,1,正面,16,手表物流很棒，价格也合理，好评。
退货了，手表的价格完全不能用，浪费时间。！,0,负面,21,退货了，手表的价格完全不能用，浪费时间。！
退货了，手机的物流完全不能用，浪费时间。,0,负面,20,退货了，手机的物流完全不能用，浪费时间。
电脑的价格超出预期，值得购买。,1,正面,15,电脑的价格超出预期，值得购买。
买回来就发现耳机的质量有问题，很失望。，推荐！,0,负面,23,买回来就发现耳机的质量有问题，很失望。，推荐！
第二次回购了，水杯的物流一如既往的好。,1,正面,19,第二次回购了，水杯的物流一如既往的好。
第二次回购了，耳机的颜色一如既往的好。,1,正面,19,第二次回购了，耳机的颜色一如既往的好。
物流慢也就算了，台灯的尺寸还这么差，差评。！,0,负面,22,物流慢也就算了，台灯的尺寸还这么差，差评。！
这个价钱买到这么好的耳机，物流还这么好，太值了。！,1,正面,25,这个价钱买到这么好的耳机，物流还这么好，太值了。！
这个充电宝的质量很差，和图片上的完全不一样。,0,负面,22,这个充电宝的质量很差，和图片上的完全不一样。
第二次回购了，水杯的功能一如既往的好。。,1,正面,20,第二次回购了，水杯的功能一如既往的好。。
被图片骗了，实际耳机的物流很差，不值这个价。,0,负面,22,被图片骗了，实际耳机的物流很差，不值这个价。
好评！耳机的做工很好，客服态度也好。,1,正面,18,好评！耳机的做工很好，客服态度也好。
物流慢也就算了，充电宝的颜色还这么差，差评。,0,负面,22,物流慢也就算了，充电宝的颜色还这么差，差评。
给家人买的台灯，他们说外观很好。，推荐！,1,正面,20,给家人买的台灯，他们说外观很好。，推荐！
水杯的包装真的是太差了，一次糟糕的购物体验。，推荐！,0,负面,26,水杯的包装真的是太差了，一次糟糕的购物体验。，推荐！
书包的包装真的是太差了，一次糟糕的购物体验。，推荐！,0,负面,26,书包的包装真的是太差了，一次糟糕的购物体验。，推荐！
对比了好几家才选的这家，书包的物流确实好。,1,正面,21,对比了好几家才选的这家，书包的物流确实好。
买回来就发现水杯的尺寸有问题，很失望。,0,负面,19,买回来就发现水杯的尺寸有问题，很失望。
收到电脑了，价格比想象中好，颜色也好看。,1,正面,20,收到电脑了，价格比想象中好，颜色也好看。
退货了，水杯的尺寸完全不能用，浪费时间。,0,负面,20,退货了，水杯的尺寸完全不能用，浪费时间。
水杯的价格很好，物流也快，五星好评。,1,正面,18,水杯的价格很好，物流也快，五星好评。
第二次回购了，鞋子的颜色一如既往的好。。,1,正面,20,第二次回购了，鞋子的颜色一如既往的好。。
书包材质很棒，价格也合理，好评。,1,正面,16,书包材质很棒，价格也合理，好评。
买回来就发现台灯的材质有问题，很失望。,0,负面,19,买回来就发现台灯的材质有问题，很失望。
台灯的功能很好，做工精细，很喜欢。,1,正面,17,台灯的功能很好，做工精细，很喜欢。
台灯的价格超出预期，值得购买。,1,正面,15,台灯的价格超出预期，值得购买。
收到手表了，做工很差，申请退货中。,0,负面,17,收到手表了，做工很差，申请退货中。
好评！衣服的功能很好，客服态度也好。,1,正面,18,好评！衣服的功能很好，客服态度也好。
台灯材质很好，很满意！,1,正面,11,台灯材质很好，很满意！
退货了，手机的包装完全不能用，浪费时间。,0,负面,20,退货了，手机的包装完全不能用，浪费时间。
退货了，充电宝的物流完全不能用，浪费时间。,0,负面,21,退货了，充电宝的物流完全不能用，浪费时间。
客服态度差，鞋子的做工也有问题，体验很差。,0,负面,21,客服态度差，鞋子的做工也有问题，体验很差。
再也不在这家买了，电脑的客服太让人失望了。,0,负面,21,再也不在这家买了，电脑的客服太让人失望了。
收到手表了，功能很差，申请退货中。,0,负面,17,收到手表了，功能很差，申请退货中。
买回来用了几天，衣服的客服确实好。,1,正面,17,买回来用了几天，衣服的客服确实好。
手机颜色很好，很满意！,1,正面,11,手机颜色很好，很满意！
再也不在这家买了，电脑的材质太让人失望了。,0,负面,21,再也不在这家买了，电脑的材质太让人失望了。
鞋子功能很棒，价格也合理，好评。！,1,正面,17,鞋子功能很棒，价格也合理，好评。！
再也不在这家买了，鞋子的包装太让人失望了。，推荐！,0,负面,25,再也不在这家买了，鞋子的包装太让人失望了。，推荐！
手机外观很好，很满意！,1,正面,11,手机外观很好，很满意！
性价比很高的台灯，客服没让我失望。！,1,正面,18,性价比很高的台灯，客服没让我失望。！
性价比很高的台灯，材质没让我失望。,1,正面,17,性价比很高的台灯，材质没让我失望。
好评！水杯的包装很好，客服态度也好。,1,正面,18,好评！水杯的包装很好，客服态度也好。
收到书包了，质量很差，申请退货中。！建议大家参考。,0,负面,25,收到书包了，质量很差，申请退货中。！建议大家参考。
好评！鞋子的材质很好，客服态度也好。,1,正面,18,好评！鞋子的材质很好，客服态度也好。
电脑的客服很好，物流也快，五星好评。，不推荐！,1,正面,23,电脑的客服很好，物流也快，五星好评。，不推荐！
物流慢也就算了，水杯的颜色还这么差，差评。,0,负面,21,物流慢也就算了，水杯的颜色还这么差，差评。
衣服尺寸很差，根本不值这个价。！建议大家参考。,0,负面,23,衣服尺寸很差，根本不值这个价。！建议大家参考。
台灯的颜色真的是太差了，一次糟糕的购物体验。,0,负面,22,台灯的颜色真的是太差了，一次糟糕的购物体验。
买回来就发现手表的包装有问题，很失望。,0,负面,19,买回来就发现手表的包装有问题，很失望。
耳机做工很差，根本不值这个价。,0,负面,15,耳机做工很差，根本不值这个价。
这个衣服的客服真的不行，不如实体店买。,0,负面,19,这个衣服的客服真的不行，不如实体店买。
台灯的外观超出预期，值得购买。,1,正面,15,台灯的外观超出预期，值得购买。
对比了好几家才选的这家，水杯的做工确实好。,1,正面,21,对比了好几家才选的这家，水杯的做工确实好。
物流慢也就算了，耳机的材质还这么差，差评。,0,负面,21,物流慢也就算了，耳机的材质还这么差，差评。
这个电脑的颜色超出了我的预期，很惊喜。,1,正面,19,这个电脑的颜色超出了我的预期，很惊喜。
耳机的物流真的是太差了，一次糟糕的购物体验。,0,负面,22,耳机的物流真的是太差了，一次糟糕的购物体验。
电脑的做工太差了，非常后悔。,0,负面,14,电脑的做工太差了，非常后悔。
性价比很高的耳机，质量没让我失望。,1,正面,17,性价比很高的耳机，质量没让我失望。
被图片骗了，实际手机的物流很差，不值这个价。,0,负面,22,被图片骗了，实际手机的物流很差，不值这个价。
好评！手表的价格很好，客服态度也好。,1,正面,18,好评！手表的价格很好，客服态度也好。
这个价钱买到这么好的水杯，包装还这么好，太值了。,1,正面,24,这个价钱买到这么好的水杯，包装还这么好，太值了。
对比了好几家才选的这家，水杯的质量确实好。,1,正面,21,对比了好几家才选的这家，水杯的质量确实好。
好评！鞋子的做工很好，客服态度也好。。,1,正面,19,好评！鞋子的做工很好，客服态度也好。。
好评！衣服的价格很好，客服态度也好。,1,正面,18,好评！衣服的价格很好，客服态度也好。
性价比很高的手表，物流没让我失望。，推荐！,1,正面,21,性价比很高的手表，物流没让我失望。，推荐！
买回来用了几天，台灯的价格确实好。,1,正面,17,买回来用了几天，台灯的价格确实好。
第二次回购了，台灯的质量一如既往的好。，不推荐！,1,正面,24,第二次回购了，台灯的质量一如既往的好。，不推荐！
物流慢也就算了，手机的颜色还这么差，差评。,0,负面,21,物流慢也就算了，手机的颜色还这么差，差评。
买回来用了几天，手表的物流确实好。,1,正面,17,买回来用了几天，手表的物流确实好。
对比了好几家才选的这家，书包的功能确实好。！,1,正面,22,对比了好几家才选的这家，书包的功能确实好。！
水杯的质量太差了，非常后悔。,0,负面,14,水杯的质量太差了，非常后悔。
充电宝的客服很好，物流也快，五星好评。,1,正面,19,充电宝的客服很好，物流也快，五星好评。
鞋子的材质超出预期，值得购买。,1,正面,15,鞋子的材质超出预期，值得购买。
电脑客服很好，很满意！，推荐！,1,正面,15,电脑客服很好，很满意！，推荐！
对比了好几家才选的这家，水杯的物流确实好。,1,正面,21,对比了好几家才选的这家，水杯的物流确实好。
手表的价格超出预期，值得购买。,1,正面,15,手表的价格超出预期，值得购买。
这个充电宝的尺寸真的不行，不如实体店买。,0,负面,20,这个充电宝的尺寸真的不行，不如实体店买。
被图片骗了，实际水杯的质量很差，不值这个价。,0,负面,22,被图片骗了，实际水杯的质量很差，不值这个价。
给家人买的衣服，他们说做工很好。,1,正面,16,给家人买的衣服，他们说做工很好。
用了没几天鞋子的客服就出问题了，差评。,0,负面,19,用了没几天鞋子的客服就出问题了，差评。
收到书包了，价格很差，申请退货中。,0,负面,17,收到书包了，价格很差，申请退货中。
对比了好几家才选的这家，充电宝的材质确实好。,1,正面,22,对比了好几家才选的这家，充电宝的材质确实好。
收到水杯了，颜色很差，申请退货中。,0,负面,17,收到水杯了，颜色很差，申请退货中。
客服态度差，充电宝的包装也有问题，体验很差。，推荐！,0,负面,26,客服态度差，充电宝的包装也有问题，体验很差。，推荐！
用了没几天手表的客服就出问题了，差评。！,0,负面,20,用了没几天手表的客服就出问题了，差评。！
买回来就发现电脑的价格有问题，很失望。,0,负面,19,买回来就发现电脑的价格有问题，很失望。
手表质量很好，很满意！,1,正面,11,手表质量很好，很满意！
水杯做工很棒，价格也合理，好评。,1,正面,16,水杯做工很棒，价格也合理，好评。
退货了，手机的做工完全不能用，浪费时间。,0,负面,20,退货了，手机的做工完全不能用，浪费时间。
耳机做工很棒，价格也合理，好评。,1,正面,16,耳机做工很棒，价格也合理，好评。
被图片骗了，实际衣服的颜色很差，不值这个价。,0,负面,22,被图片骗了，实际衣服的颜色很差，不值这个价。
收到台灯了，做工比想象中好，颜色也好看。。,1,正面,21,收到台灯了，做工比想象中好，颜色也好看。。
第二次回购了，手机的颜色一如既往的好。,1,正面,19,第二次回购了，手机的颜色一如既往的好。
水杯的颜色很好，做工精细，很喜欢。,1,正面,17,水杯的颜色很好，做工精细，很喜欢。
买回来就发现台灯的颜色有问题，很失望。,0,负面,19,买回来就发现台灯的颜色有问题，很失望。
物流慢也就算了，衣服的价格还这么差，差评。！,0,负面,22,物流慢也就算了，衣服的价格还这么差，差评。！
太坑了，电脑的包装和描述完全不一样。,0,负面,18,太坑了，电脑的包装和描述完全不一样。
买回来用了几天，充电宝的质量确实好。,1,正面,18,买回来用了几天，充电宝的质量确实好。
客服态度差，手机的尺寸也有问题，体验很差。,0,负面,21,客服态度差，手机的尺寸也有问题，体验很差。
这个台灯的质量不错，推荐给大家。,1,正面,16,这个台灯的质量不错，推荐给大家。
这个衣服的质量很差，和图片上的完全不一样。,0,负面,21,这个衣服的质量很差，和图片上的完全不一样。
这个手表的尺寸不行，建议大家别买。,0,负面,17,这个手表的尺寸不行，建议大家别买。
第二次回购了，水杯的价格一如既往的好。,1,正面,19,第二次回购了，水杯的价格一如既往的好。
这个耳机的价格很差，和图片上的完全不一样。,0,负面,21,这个耳机的价格很差，和图片上的完全不一样。
好评！手机的包装很好，客服态度也好。！建议大家参考。,1,正面,26,好评！手机的包装很好，客服态度也好。！建议大家参考。
这个台灯的质量很差，和图片上的完全不一样。,0,负面,21,这个台灯的质量很差，和图片上的完全不一样。
水杯客服很好，很满意！,1,正面,11,水杯客服很好，很满意！
好评！书包的材质很好，客服态度也好。,1,正面,18,好评！书包的材质很好，客服态度也好。
被图片骗了，实际衣服的价格很差，不值这个价。！,0,负面,23,被图片骗了，实际衣服的价格很差，不值这个价。！
这个充电宝的功能不行，建议大家别买。！,0,负面,19,这个充电宝的功能不行，建议大家别买。！
手机的质量真的是太差了，一次糟糕的购物体验。,0,负面,22,手机的质量真的是太差了，一次糟糕的购物体验。
这个鞋子的功能不错，推荐给大家。，不推荐！,1,正面,21,这个鞋子的功能不错，推荐给大家。，不推荐！
性价比很高的充电宝，包装没让我失望。,1,正面,18,性价比很高的充电宝，包装没让我失望。
这个耳机的包装超出了我的预期，很惊喜。,1,正面,19,这个耳机的包装超出了我的预期，很惊喜。
这个手表的客服很差，和图片上的完全不一样。,0,负面,21,这个手表的客服很差，和图片上的完全不一样。
性价比很高的台灯，客服没让我失望。，推荐！,1,正面,21,性价比很高的台灯，客服没让我失望。，推荐！
手机的包装很好，物流也快，五星好评。,1,正面,18,手机的包装很好，物流也快，五星好评。
电脑的功能超出预期，值得购买。,1,正面,15,电脑的功能超出预期，值得购买。
太坑了，书包的材质和描述完全不一样。,0,负面,18,太坑了，书包的材质和描述完全不一样。
客服态度差，鞋子的尺寸也有问题，体验很差。,0,负面,21,客服态度差，鞋子的尺寸也有问题，体验很差。
这个水杯的物流超出了我的预期，很惊喜。,1,正面,19,这个水杯的物流超出了我的预期，很惊喜。
这个耳机的客服真的不行，不如实体店买。！建议大家参考。,0,负面,27,这个耳机的客服真的不行，不如实体店买。！建议大家参考。
好评！耳机的材质很好，客服态度也好。,1,正面,18,好评！耳机的材质很好，客服态度也好。
好评！手机的做工很好，客服态度也好。,1,正面,18,好评！手机的做工很好，客服态度也好。
买回来就发现耳机的功能有问题，很失望。！建议大家参考。,0,负面,27,买回来就发现耳机的功能有问题，很失望。！建议大家参考。
好评！充电宝的功能很好，客服态度也好。,1,正面,19,好评！充电宝的功能很好，客服态度也好。
收到耳机了，功能很差，申请退货中。！建议大家参考。,0,负面,25,收到耳机了，功能很差，申请退货中。！建议大家参考。
手表做工很差，根本不值这个价。,0,负面,15,手表做工很差，根本不值这个价。
电脑质量很好，很满意！,1,正面,11,电脑质量很好，很满意！
这个电脑的做工真的不行，不如实体店买。,0,负面,19,这个电脑的做工真的不行，不如实体店买。
物流慢也就算了，书包的客服还这么差，差评。,0,负面,21,物流慢也就算了，书包的客服还这么差，差评。
买回来就发现耳机的做工有问题，很失望。,0,负面,19,买回来就发现耳机的做工有问题，很失望。
再也不在这家买了，耳机的物流太让人失望了。！建议大家参考。,0,负面,29,再也不在这家买了，耳机的物流太让人失望了。！建议大家参考。
手机的功能太差了，非常后悔。,0,负面,14,手机的功能太差了，非常后悔。
收到手机了，功能比想象中好，颜色也好看。,1,正面,20,收到手机了，功能比想象中好，颜色也好看。
物流慢也就算了，耳机的包装还这么差，差评。,0,负面,21,物流慢也就算了，耳机的包装还这么差，差评。
这个衣服的材质真的不行，不如实体店买。,0,负面,19,这个衣服的材质真的不行，不如实体店买。
台灯客服很差，根本不值这个价。！,0,负面,16,台灯客服很差，根本不值这个价。！
第二次回购了，耳机的包装一如既往的好。,1,正面,19,第二次回购了，耳机的包装一如既往的好。
第二次回购了，电脑的质量一如既往的好。,1,正面,19,第二次回购了，电脑的质量一如既往的好。
收到电脑了，外观比想象中好，颜色也好看。,1,正面,20,收到电脑了，外观比想象中好，颜色也好看。
收到台灯了，功能很差，申请退货中。,0,负面,17,收到台灯了，功能很差，申请退货中。
这个书包的包装超出了我的预期，很惊喜。,1,正面,19,这个书包的包装超出了我的预期，很惊喜。
这个耳机的客服真的不行，不如实体店买。！,0,负面,20,这个耳机的客服真的不行，不如实体店买。！
太坑了，鞋子的尺寸和描述完全不一样。！建议大家参考。,0,负面,26,太坑了，鞋子的尺寸和描述完全不一样。！建议大家参考。
收到水杯了，包装比想象中好，颜色也好看。,1,正面,20,收到水杯了，包装比想象中好，颜色也好看。
性价比很高的书包，价格没让我失望。,1,正面,17,性价比很高的书包，价格没让我失望。
收到电脑了，物流很差，申请退货中。，推荐！,0,负面,21,收到电脑了，物流很差，申请退货中。，推荐！
好评！手机的功能很好，客服态度也好。！,1,正面,19,好评！手机的功能很好，客服态度也好。！
这个台灯的尺寸真的不行，不如实体店买。，不推荐！,0,负面,24,这个台灯的尺寸真的不行，不如实体店买。，不推荐！
这个水杯的功能真的不行，不如实体店买。,0,负面,19,这个水杯的功能真的不行，不如实体店买。
被图片骗了，实际台灯的质量很差，不值这个价。，推荐！,0,负面,26,被图片骗了，实际台灯的质量很差，不值这个价。，推荐！
这个手机的颜色不行，建议大家别买。！,0,负面,18,这个手机的颜色不行，建议大家别买。！
水杯的物流很好，做工精细，很喜欢。,1,正面,17,水杯的物流很好，做工精细，很喜欢。
这个耳机的包装很差，和图片上的完全不一样。,0,负面,21,这个耳机的包装很差，和图片上的完全不一样。
这个鞋子的颜色很差，和图片上的完全不一样。,0,负面,21,这个鞋子的颜色很差，和图片上的完全不一样。
客服态度差，衣服的客服也有问题，体验很差。！,0,负面,22,客服态度差，衣服的客服也有问题，体验很差。！
手机客服很好，很满意！,1,正面,11,手机客服很好，很满意！
太坑了，耳机的价格和描述完全不一样。,0,负面,18,太坑了，耳机的价格和描述完全不一样。
再也不在这家买了，手表的价格太让人失望了。,0,负面,21,再也不在这家买了，手表的价格太让人失望了。
被图片骗了，实际鞋子的客服很差，不值这个价。！,0,负面,23,被图片骗了，实际鞋子的客服很差，不值这个价。！
性价比很高的耳机，包装没让我失望。,1,正面,17,性价比很高的耳机，包装没让我失望。
手机的外观超出预期，值得购买。！建议大家参考。,1,正面,23,手机的外观超出预期，值得购买。！建议大家参考。
物流慢也就算了，衣服的功能还这么差，差评。,0,负面,21,物流慢也就算了，衣服的功能还这么差，差评。
收到充电宝了，质量很差，申请退货中。！建议大家参考。,0,负面,26,收到充电宝了，质量很差，申请退货中。！建议大家参考。
退货了，充电宝的尺寸完全不能用，浪费时间。,0,负面,21,退货了，充电宝的尺寸完全不能用，浪费时间。
对比了好几家才选的这家，书包的颜色确实好。,1,正面,21,对比了好几家才选的这家，书包的颜色确实好。
被图片骗了，实际手机的包装很差，不值这个价。,0,负面,22,被图片骗了，实际手机的包装很差，不值这个价。
鞋子的质量真的是太差了，一次糟糕的购物体验。，不推荐！,0,负面,27,鞋子的质量真的是太差了，一次糟糕的购物体验。，不推荐！
被图片骗了，实际耳机的材质很差，不值这个价。,0,负面,22,被图片骗了，实际耳机的材质很差，不值这个价。
用了没几天书包的客服就出问题了，差评。。,0,负面,20,用了没几天书包的客服就出问题了，差评。。
退货了，充电宝的材质完全不能用，浪费时间。,0,负面,21,退货了，充电宝的材质完全不能用，浪费时间。
收到书包了，质量比想象中好，颜色也好看。，推荐！,1,正面,24,收到书包了，质量比想象中好，颜色也好看。，推荐！
手表材质很差，根本不值这个价。,0,负面,15,手表材质很差，根本不值这个价。
这个耳机的质量不错，推荐给大家。,1,正面,16,这个耳机的质量不错，推荐给大家。
这个价钱买到这么好的水杯，颜色还这么好，太值了。,1,正面,24,这个价钱买到这么好的水杯，颜色还这么好，太值了。
水杯的包装超出预期，值得购买。！,1,正面,16,水杯的包装超出预期，值得购买。！
手表的质量真的是太差了，一次糟糕的购物体验。,0,负面,22,手表的质量真的是太差了，一次糟糕的购物体验。
物流慢也就算了，手表的价格还这么差，差评。,0,负面,21,物流慢也就算了，手表的价格还这么差，差评。
这个鞋子的物流不行，建议大家别买。，推荐！,0,负面,21,这个鞋子的物流不行，建议大家别买。，推荐！
这个电脑的客服真的不行，不如实体店买。,0,负面,19,这个电脑的客服真的不行，不如实体店买。
被图片骗了，实际电脑的材质很差，不值这个价。！,0,负面,23,被图片骗了，实际电脑的材质很差，不值这个价。！
衣服的质量很好，物流也快，五星好评。,1,正面,18,衣服的质量很好，物流也快，五星好评。
这个价钱买到这么好的鞋子，功能还这么好，太值了。,1,正面,24,这个价钱买到这么好的鞋子，功能还这么好，太值了。
再也不在这家买了，衣服的价格太让人失望了。，推荐！,0,负面,25,再也不在这家买了，衣服的价格太让人失望了。，推荐！
鞋子的价格很好，物流也快，五星好评。,1,正面,18,鞋子的价格很好，物流也快，五星好评。
被图片骗了，实际手机的尺寸很差，不值这个价。,0,负面,22,被图片骗了，实际手机的尺寸很差，不值这个价。
被图片骗了，实际书包的价格很差，不值这个价。,0,负面,22,被图片骗了，实际书包的价格很差，不值这个价。
手机的做工很好，做工精细，很喜欢。，不推荐！,1,正面,22,手机的做工很好，做工精细，很喜欢。，不推荐！
第二次回购了，手机的外观一如既往的好。,1,正面,19,第二次回购了，手机的外观一如既往的好。
退货了，衣服的价格完全不能用，浪费时间。,0,负面,20,退货了，衣服的价格完全不能用，浪费时间。
退货了，手表的质量完全不能用，浪费时间。,0,负面,20,退货了，手表的质量完全不能用，浪费时间。
这个电脑的价格超出了我的预期，很惊喜。,1,正面,19,这个电脑的价格超出了我的预期，很惊喜。
这个手机的材质不行，建议大家别买。,0,负面,17,这个手机的材质不行，建议大家别买。
这个手机的质量超出了我的预期，很惊喜。，不推荐！,1,正面,24,这个手机的质量超出了我的预期，很惊喜。，不推荐！
退货了，书包的价格完全不能用，浪费时间。,0,负面,20,退货了，书包的价格完全不能用，浪费时间。
手机的客服真的是太差了，一次糟糕的购物体验。！建议大家参考。,0,负面,30,手机的客服真的是太差了，一次糟糕的购物体验。！建议大家参考。
再也不在这家买了，充电宝的客服太让人失望了。,0,负面,22,再也不在这家买了，充电宝的客服太让人失望了。
收到电脑了，质量比想象中好，颜色也好看。,1,正面,20,收到电脑了，质量比想象中好，颜色也好看。
这个台灯的功能很差，和图片上的完全不一样。,0,负面,21,这个台灯的功能很差，和图片上的完全不一样。
太坑了，耳机的颜色和描述完全不一样。,0,负面,18,太坑了，耳机的颜色和描述完全不一样。
耳机的做工很好，做工精细，很喜欢。，推荐！,1,正面,21,耳机的做工很好，做工精细，很喜欢。，推荐！
被图片骗了，实际书包的质量很差，不值这个价。,0,负面,22,被图片骗了，实际书包的质量很差，不值这个价。
这个衣服的材质不错，推荐给大家。,1,正面,16,这个衣服的材质不错，推荐给大家。
买回来用了几天，鞋子的物流确实好。,1,正面,17,买回来用了几天，鞋子的物流确实好。
收到电脑了，做工很差，申请退货中。，不推荐！,0,负面,22,收到电脑了，做工很差，申请退货中。，不推荐！
买回来用了几天，手机的物流确实好。,1,正面,17,买回来用了几天，手机的物流确实好。
物流慢也就算了，水杯的客服还这么差，差评。,0,负面,21,物流慢也就算了，水杯的客服还这么差，差评。
耳机的材质很好，物流也快，五星好评。,1,正面,18,耳机的材质很好，物流也快，五星好评。
退货了，充电宝的颜色完全不能用，浪费时间。！,0,负面,22,退货了，充电宝的颜色完全不能用，浪费时间。！
这个充电宝的做工真的不行，不如实体店买。,0,负面,20,这个充电宝的做工真的不行，不如实体店买。
给家人买的书包，他们说包装很好。,1,正面,16,给家人买的书包，他们说包装很好。
用了没几天鞋子的物流就出问题了，差评。,0,负面,19,用了没几天鞋子的物流就出问题了，差评。
水杯质量很棒，价格也合理，好评。,1,正面,16,水杯质量很棒，价格也合理，好评。
这个价钱买到这么好的耳机，颜色还这么好，太值了。，推荐！,1,正面,28,这个价钱买到这么好的耳机，颜色还这么好，太值了。，推荐！
收到台灯了，价格很差，申请退货中。,0,负面,17,收到台灯了，价格很差，申请退货中。
这个手机的颜色很差，和图片上的完全不一样。,0,负面,21,这个手机的颜色很差，和图片上的完全不一样。
电脑的质量太差了，非常后悔。。,0,负面,15,电脑的质量太差了，非常后悔。。
对比了好几家才选的这家，手机的物流确实好。,1,正面,21,对比了好几家才选的这家，手机的物流确实好。
水杯的功能太差了，非常后悔。。,0,负面,15,水杯的功能太差了，非常后悔。。
再也不在这家买了，衣服的材质太让人失望了。,0,负面,21,再也不在这家买了，衣服的材质太让人失望了。
用了没几天水杯的客服就出问题了，差评。,0,负面,19,用了没几天水杯的客服就出问题了，差评。
鞋子的质量超出预期，值得购买。,1,正面,15,鞋子的质量超出预期，值得购买。
对比了好几家才选的这家，手表的客服确实好。！建议大家参考。,1,正面,29,对比了好几家才选的这家，手表的客服确实好。！建议大家参考。
收到书包了，物流很差，申请退货中。,0,负面,17,收到书包了，物流很差，申请退货中。
这个充电宝的价格很差，和图片上的完全不一样。,0,负面,22,这个充电宝的价格很差，和图片上的完全不一样。
这个充电宝的客服不错，推荐给大家。,1,正面,17,这个充电宝的客服不错，推荐给大家。
性价比很高的手机，质量没让我失望。！建议大家参考。,1,正面,25,性价比很高的手机，质量没让我失望。！建议大家参考。
这个价钱买到这么好的手机，做工还这么好，太值了。,1,正面,24,这个价钱买到这么好的手机，做工还这么好，太值了。
用了没几天台灯的做工就出问题了，差评。，不推荐！,0,负面,24,用了没几天台灯的做工就出问题了，差评。，不推荐！
这个水杯的尺寸很差，和图片上的完全不一样。,0,负面,21,这个水杯的尺寸很差，和图片上的完全不一样。
给家人买的手机，他们说价格很好。,1,正面,16,给家人买的手机，他们说价格很好。
手表物流很好，很满意！,1,正面,11,手表物流很好，很满意！
鞋子的价格很好，做工精细，很喜欢。,1,正面,17,鞋子的价格很好，做工精细，很喜欢。
好评！耳机的包装很好，客服态度也好。。,1,正面,19,好评！耳机的包装很好，客服态度也好。。
鞋子的客服太差了，非常后悔。,0,负面,14,鞋子的客服太差了，非常后悔。
退货了，衣服的颜色完全不能用，浪费时间。！,0,负面,21,退货了，衣服的颜色完全不能用，浪费时间。！
书包包装很好，很满意！,1,正面,11,书包包装很好，很满意！
台灯的功能很好，做工精细，很喜欢。，推荐！,1,正面,21,台灯的功能很好，做工精细，很喜欢。，推荐！
这个衣服的材质超出了我的预期，很惊喜。！,1,正面,20,这个衣服的材质超出了我的预期，很惊喜。！
第二次回购了，手表的物流一如既往的好。,1,正面,19,第二次回购了，手表的物流一如既往的好。
这个充电宝的客服真的不行，不如实体店买。。,0,负面,21,这个充电宝的客服真的不行，不如实体店买。。
用了没几天电脑的材质就出问题了，差评。,0,负面,19,用了没几天电脑的材质就出问题了，差评。
手机材质很差，根本不值这个价。,0,负面,15,手机材质很差，根本不值这个价。
给家人买的台灯，他们说价格很好。,1,正面,16,给家人买的台灯，他们说价格很好。
充电宝的做工很好，物流也快，五星好评。,1,正面,19,充电宝的做工很好，物流也快，五星好评。
用了没几天电脑的包装就出问题了，差评。,0,负面,19,用了没几天电脑的包装就出问题了，差评。
好评！鞋子的包装很好，客服态度也好。,1,正面,18,好评！鞋子的包装很好，客服态度也好。
这个手机的功能真的不行，不如实体店买。,0,负面,19,这个手机的功能真的不行，不如实体店买。
买回来用了几天，水杯的功能确实好。！建议大家参考。,1,正面,25,买回来用了几天，水杯的功能确实好。！建议大家参考。
被图片骗了，实际衣服的材质很差，不值这个价。！建议大家参考。,0,负面,30,被图片骗了，实际衣服的材质很差，不值这个价。！建议大家参考。
买回来用了几天，耳机的功能确实好。！,1,正面,18,买回来用了几天，耳机的功能确实好。！
电脑的做工很好，物流也快，五星好评。,1,正面,18,电脑的做工很好，物流也快，五星好评。
收到鞋子了，做工比想象中好，颜色也好看。，不推荐！,1,正面,25,收到鞋子了，做工比想象中好，颜色也好看。，不推荐！
鞋子的做工真的是太差了，一次糟糕的购物体验。,0,负面,22,鞋子的做工真的是太差了，一次糟糕的购物体验。
收到手表了，质量很差，申请退货中。,0,负面,17,收到手表了，质量很差，申请退货中。
买回来用了几天，鞋子的功能确实好。,1,正面,17,买回来用了几天，鞋子的功能确实好。
鞋子外观很棒，价格也合理，好评。,1,正面,16,鞋子外观很棒，价格也合理，好评。
对比了好几家才选的这家，衣服的材质确实好。！建议大家参考。,1,正面,29,对比了好几家才选的这家，衣服的材质确实好。！建议大家参考。
买回来就发现电脑的颜色有问题，很失望。！建议大家参考。,0,负面,27,买回来就发现电脑的颜色有问题，很失望。！建议大家参考。
这个鞋子的价格很差，和图片上的完全不一样。,0,负面,21,这个鞋子的价格很差，和图片上的完全不一样。
这个台灯的客服不错，推荐给大家。,1,正面,16,这个台灯的客服不错，推荐给大家。
客服态度差，台灯的包装也有问题，体验很差。,0,负面,21,客服态度差，台灯的包装也有问题，体验很差。
这个价钱买到这么好的台灯，价格还这么好，太值了。,1,正面,24,这个价钱买到这么好的台灯，价格还这么好，太值了。
这个书包的做工真的不行，不如实体店买。，推荐！,0,负面,23,这个书包的做工真的不行，不如实体店买。，推荐！
买回来用了几天，耳机的做工确实好。。,1,正面,18,买回来用了几天，耳机的做工确实好。。
这个耳机的价格超出了我的预期，很惊喜。,1,正面,19,这个耳机的价格超出了我的预期，很惊喜。
这个耳机的包装真的不行，不如实体店买。,0,负面,19,这个耳机的包装真的不行，不如实体店买。
第二次回购了，鞋子的外观一如既往的好。,1,正面,19,第二次回购了，鞋子的外观一如既往的好。
第二次回购了，充电宝的价格一如既往的好。！,1,正面,21,第二次回购了，充电宝的价格一如既往的好。！
用了没几天鞋子的客服就出问题了，差评。，不推荐！,0,负面,24,用了没几天鞋子的客服就出问题了，差评。，不推荐！
这个台灯的材质很差，和图片上的完全不一样。,0,负面,21,这个台灯的材质很差，和图片上的完全不一样。
用了没几天手表的功能就出问题了，差评。,0,负面,19,用了没几天手表的功能就出问题了，差评。
台灯的尺寸太差了，非常后悔。,0,负面,14,台灯的尺寸太差了，非常后悔。
手机的颜色很好，做工精细，很喜欢。,1,正面,17,手机的颜色很好，做工精细，很喜欢。
衣服的材质超出预期，值得购买。,1,正面,15,衣服的材质超出预期，值得购买。
太坑了，充电宝的材质和描述完全不一样。,0,负面,19,太坑了，充电宝的材质和描述完全不一样。
太坑了，台灯的尺寸和描述完全不一样。！,0,负面,19,太坑了，台灯的尺寸和描述完全不一样。！
收到衣服了，颜色很差，申请退货中。,0,负面,17,收到衣服了，颜色很差，申请退货中。
退货了，台灯的做工完全不能用，浪费时间。，不推荐！,0,负面,25,退货了，台灯的做工完全不能用，浪费时间。，不推荐！
用了没几天水杯的做工就出问题了，差评。,0,负面,19,用了没几天水杯的做工就出问题了，差评。
买回来用了几天，书包的物流确实好。！建议大家参考。,1,正面,25,买回来用了几天，书包的物流确实好。！建议大家参考。
给家人买的耳机，他们说功能很好。,1,正面,16,给家人买的耳机，他们说功能很好。
用了没几天手机的客服就出问题了，差评。,0,负面,19,用了没几天手机的客服就出问题了，差评。
用了没几天台灯的材质就出问题了，差评。,0,负面,19,用了没几天台灯的材质就出问题了，差评。
鞋子功能很棒，价格也合理，好评。,1,正面,16,鞋子功能很棒，价格也合理，好评。
太坑了，鞋子的颜色和描述完全不一样。。,0,负面,19,太坑了，鞋子的颜色和描述完全不一样。。
太坑了，电脑的物流和描述完全不一样。。,0,负面,19,太坑了，电脑的物流和描述完全不一样。。
退货了，充电宝的材质完全不能用，浪费时间。！建议大家参考。,0,负面,29,退货了，充电宝的材质完全不能用，浪费时间。！建议大家参考。
退货了，衣服的颜色完全不能用，浪费时间。,0,负面,20,退货了，衣服的颜色完全不能用，浪费时间。
书包的颜色很好，做工精细，很喜欢。,1,正面,17,书包的颜色很好，做工精细，很喜欢。
退货了，手机的材质完全不能用，浪费时间。,0,负面,20,退货了，手机的材质完全不能用，浪费时间。
给家人买的衣服，他们说价格很好。,1,正面,16,给家人买的衣服，他们说价格很好。
再也不在这家买了，衣服的包装太让人失望了。,0,负面,21,再也不在这家买了，衣服的包装太让人失望了。
耳机材质很好，很满意！,1,正面,11,耳机材质很好，很满意！
对比了好几家才选的这家，耳机的外观确实好。,1,正面,21,对比了好几家才选的这家，耳机的外观确实好。
手机质量很好，很满意！,1,正面,11,手机质量很好，很满意！
被图片骗了，实际耳机的做工很差，不值这个价。，不推荐！,0,负面,27,被图片骗了，实际耳机的做工很差，不值这个价。，不推荐！
这个电脑的客服很差，和图片上的完全不一样。,0,负面,21,这个电脑的客服很差，和图片上的完全不一样。
衣服的包装真的是太差了，一次糟糕的购物体验。,0,负面,22,衣服的包装真的是太差了，一次糟糕的购物体验。
用了没几天电脑的价格就出问题了，差评。,0,负面,19,用了没几天电脑的价格就出问题了，差评。
这个价钱买到这么好的台灯，物流还这么好，太值了。,1,正面,24,这个价钱买到这么好的台灯，物流还这么好，太值了。
太坑了，鞋子的材质和描述完全不一样。,0,负面,18,太坑了，鞋子的材质和描述完全不一样。
收到手机了，功能很差，申请退货中。,0,负面,17,收到手机了，功能很差，申请退货中。
买回来用了几天，衣服的价格确实好。,1,正面,17,买回来用了几天，衣服的价格确实好。
收到鞋子了，质量很差，申请退货中。,0,负面,17,收到鞋子了，质量很差，申请退货中。
给家人买的耳机，他们说包装很好。。,1,正面,17,给家人买的耳机，他们说包装很好。。
太坑了，衣服的做工和描述完全不一样。。,0,负面,19,太坑了，衣服的做工和描述完全不一样。。
收到水杯了，颜色比想象中好，颜色也好看。,1,正面,20,收到水杯了，颜色比想象中好，颜色也好看。
水杯材质很差，根本不值这个价。。,0,负面,16,水杯材质很差，根本不值这个价。。
台灯的物流真的是太差了，一次糟糕的购物体验。,0,负面,22,台灯的物流真的是太差了，一次糟糕的购物体验。
电脑外观很好，很满意！,1,正面,11,电脑外观很好，很满意！
退货了，书包的功能完全不能用，浪费时间。！,0,负面,21,退货了，书包的功能完全不能用，浪费时间。！
第二次回购了，水杯的客服一如既往的好。,1,正面,19,第二次回购了，水杯的客服一如既往的好。
买回来就发现鞋子的材质有问题，很失望。,0,负面,19,买回来就发现鞋子的材质有问题，很失望。
再也不在这家买了，手机的客服太让人失望了。,0,负面,21,再也不在这家买了，手机的客服太让人失望了。
买回来就发现手表的价格有问题，很失望。,0,负面,19,买回来就发现手表的价格有问题，很失望。
电脑物流很差，根本不值这个价。,0,负面,15,电脑物流很差，根本不值这个价。
买回来就发现衣服的质量有问题，很失望。,0,负面,19,买回来就发现衣服的质量有问题，很失望。
这个电脑的颜色真的不行，不如实体店买。,0,负面,19,这个电脑的颜色真的不行，不如实体店买。
书包的做工很好，物流也快，五星好评。,1,正面,18,书包的做工很好，物流也快，五星好评。
收到耳机了，包装很差，申请退货中。,0,负面,17,收到耳机了，包装很差，申请退货中。
对比了好几家才选的这家，水杯的颜色确实好。,1,正面,21,对比了好几家才选的这家，水杯的颜色确实好。
这个鞋子的外观不错，推荐给大家。,1,正面,16,这个鞋子的外观不错，推荐给大家。
手机的材质真的是太差了，一次糟糕的购物体验。,0,负面,22,手机的材质真的是太差了，一次糟糕的购物体验。
性价比很高的水杯，质量没让我失望。,1,正面,17,性价比很高的水杯，质量没让我失望。
客服态度差，书包的做工也有问题，体验很差。,0,负面,21,客服态度差，书包的做工也有问题，体验很差。
物流慢也就算了，鞋子的尺寸还这么差，差评。！建议大家参考。,0,负面,29,物流慢也就算了，鞋子的尺寸还这么差，差评。！建议大家参考。
鞋子包装很棒，价格也合理，好评。,1,正面,16,鞋子包装很棒，价格也合理，好评。
再也不在这家买了，电脑的做工太让人失望了。，不推荐！,0,负面,26,再也不在这家买了，电脑的做工太让人失望了。，不推荐！
退货了，耳机的价格完全不能用，浪费时间。,0,负面,20,退货了，耳机的价格完全不能用，浪费时间。
被图片骗了，实际书包的做工很差，不值这个价。！建议大家参考。,0,负面,30,被图片骗了，实际书包的做工很差，不值这个价。！建议大家参考。
被图片骗了，实际台灯的功能很差，不值这个价。,0,负面,22,被图片骗了，实际台灯的功能很差，不值这个价。
电脑外观很棒，价格也合理，好评。,1,正面,16,电脑外观很棒，价格也合理，好评。
书包物流很棒，价格也合理，好评。,1,正面,16,书包物流很棒，价格也合理，好评。
台灯的功能真的是太差了，一次糟糕的购物体验。。,0,负面,23,台灯的功能真的是太差了，一次糟糕的购物体验。。
书包的尺寸真的是太差了，一次糟糕的购物体验。,0,负面,22,书包的尺寸真的是太差了，一次糟糕的购物体验。
用了没几天耳机的客服就出问题了，差评。,0,负面,19,用了没几天耳机的客服就出问题了，差评。
退货了，手机的材质完全不能用，浪费时间。！建议大家参考。,0,负面,28,退货了，手机的材质完全不能用，浪费时间。！建议大家参考。
这个衣服的质量真的不行，不如实体店买。,0,负面,19,这个衣服的质量真的不行，不如实体店买。
被图片骗了，实际鞋子的物流很差，不值这个价。,0,负面,22,被图片骗了，实际鞋子的物流很差，不值这个价。
充电宝的质量太差了，非常后悔。。,0,负面,16,充电宝的质量太差了，非常后悔。。
再也不在这家买了，耳机的质量太让人失望了。！,0,负面,22,再也不在这家买了，耳机的质量太让人失望了。！
买回来用了几天，充电宝的物流确实好。,1,正面,18,买回来用了几天，充电宝的物流确实好。
这个鞋子的客服真的不行，不如实体店买。,0,负面,19,这个鞋子的客服真的不行，不如实体店买。
这个耳机的颜色不行，建议大家别买。！,0,负面,18,这个耳机的颜色不行，建议大家别买。！
给家人买的书包，他们说做工很好。,1,正面,16,给家人买的书包，他们说做工很好。
收到手机了，尺寸很差，申请退货中。,0,负面,17,收到手机了，尺寸很差，申请退货中。
买回来用了几天，书包的客服确实好。,1,正面,17,买回来用了几天，书包的客服确实好。
收到电脑了，做工很差，申请退货中。！,0,负面,18,收到电脑了，做工很差，申请退货中。！
书包功能很棒，价格也合理，好评。,1,正面,16,书包功能很棒，价格也合理，好评。
用了没几天鞋子的颜色就出问题了，差评。。,0,负面,20,用了没几天鞋子的颜色就出问题了，差评。。
收到书包了，质量比想象中好，颜色也好看。,1,正面,20,收到书包了，质量比想象中好，颜色也好看。
水杯的客服太差了，非常后悔。！,0,负面,15,水杯的客服太差了，非常后悔。！
对比了好几家才选的这家，充电宝的包装确实好。,1,正面,22,对比了好几家才选的这家，充电宝的包装确实好。
收到衣服了，价格很差，申请退货中。,0,负面,17,收到衣服了，价格很差，申请退货中。
再也不在这家买了，书包的价格太让人失望了。,0,负面,21,再也不在这家买了，书包的价格太让人失望了。
衣服的客服太差了，非常后悔。,0,负面,14,衣服的客服太差了，非常后悔。
收到耳机了，做工很差，申请退货中。,0,负面,17,收到耳机了，做工很差，申请退货中。
这个水杯的功能不行，建议大家别买。。,0,负面,18,这个水杯的功能不行，建议大家别买。。
这个手表的颜色不行，建议大家别买。,0,负面,17,这个手表的颜色不行，建议大家别买。
被图片骗了，实际充电宝的颜色很差，不值这个价。,0,负面,23,被图片骗了，实际充电宝的颜色很差，不值这个价。
水杯的做工太差了，非常后悔。,0,负面,14,水杯的做工太差了，非常后悔。
再也不在这家买了，鞋子的质量太让人失望了。,0,负面,21,再也不在这家买了，鞋子的质量太让人失望了。
手机的质量超出预期，值得购买。,1,正面,15,手机的质量超出预期，值得购买。
这个手表的功能不行，建议大家别买。,0,负面,17,这个手表的功能不行，建议大家别买。
耳机的客服超出预期，值得购买。，推荐！,1,正面,19,耳机的客服超出预期，值得购买。，推荐！
这个价钱买到这么好的手机，外观还这么好，太值了。,1,正面,24,这个价钱买到这么好的手机，外观还这么好，太值了。
这个衣服的质量不行，建议大家别买。,0,负面,17,这个衣服的质量不行，建议大家别买。
收到鞋子了，颜色很差，申请退货中。，推荐！,0,负面,21,收到鞋子了，颜色很差，申请退货中。，推荐！
这个耳机的物流超出了我的预期，很惊喜。。,1,正面,20,这个耳机的物流超出了我的预期，很惊喜。。
收到电脑了，做工比想象中好，颜色也好看。,1,正面,20,收到电脑了，做工比想象中好，颜色也好看。
用了没几天电脑的颜色就出问题了，差评。,0,负面,19,用了没几天电脑的颜色就出问题了，差评。
这个价钱买到这么好的电脑，包装还这么好，太值了。,1,正面,24,这个价钱买到这么好的电脑，包装还这么好，太值了。
客服态度差，衣服的客服也有问题，体验很差。,0,负面,21,客服态度差，衣服的客服也有问题，体验很差。
这个价钱买到这么好的电脑，做工还这么好，太值了。,1,正面,24,这个价钱买到这么好的电脑，做工还这么好，太值了。
客服态度差，书包的包装也有问题，体验很差。,0,负面,21,客服态度差，书包的包装也有问题，体验很差。
鞋子的材质很好，物流也快，五星好评。,1,正面,18,鞋子的材质很好，物流也快，五星好评。
水杯的材质超出预期，值得购买。，不推荐！,1,正面,20,水杯的材质超出预期，值得购买。，不推荐！
客服态度差，鞋子的价格也有问题，体验很差。,0,负面,21,客服态度差，鞋子的价格也有问题，体验很差。
耳机的功能超出预期，值得购买。,1,正面,15,耳机的功能超出预期，值得购买。
好评！水杯的外观很好，客服态度也好。,1,正面,18,好评！水杯的外观很好，客服态度也好。
退货了，充电宝的价格完全不能用，浪费时间。,0,负面,21,退货了，充电宝的价格完全不能用，浪费时间。
这个书包的质量很差，和图片上的完全不一样。,0,负面,21,这个书包的质量很差，和图片上的完全不一样。
买回来就发现电脑的材质有问题，很失望。。,0,负面,20,买回来就发现电脑的材质有问题，很失望。。
客服态度差，水杯的颜色也有问题，体验很差。,0,负面,21,客服态度差，水杯的颜色也有问题，体验很差。
这个手机的价格很差，和图片上的完全不一样。,0,负面,21,这个手机的价格很差，和图片上的完全不一样。
收到鞋子了，价格比想象中好，颜色也好看。,1,正面,20,收到鞋子了，价格比想象中好，颜色也好看。
性价比很高的台灯，功能没让我失望。,1,正面,17,性价比很高的台灯，功能没让我失望。
这个电脑的物流超出了我的预期，很惊喜。，推荐！,1,正面,23,这个电脑的物流超出了我的预期，很惊喜。，推荐！
手表包装很好，很满意！,1,正面,11,手表包装很好，很满意！
第二次回购了，手机的外观一如既往的好。！建议大家参考。,1,正面,27,第二次回购了，手机的外观一如既往的好。！建议大家参考。
好评！台灯的包装很好，客服态度也好。,1,正面,18,好评！台灯的包装很好，客服态度也好。
台灯的颜色太差了，非常后悔。,0,负面,14,台灯的颜色太差了，非常后悔。
手表的材质太差了，非常后悔。。,0,负面,15,手表的材质太差了，非常后悔。。
耳机的颜色超出预期，值得购买。,1,正面,15,耳机的颜色超出预期，值得购买。
电脑颜色很差，根本不值这个价。，不推荐！,0,负面,20,电脑颜色很差，根本不值这个价。，不推荐！
这个电脑的客服超出了我的预期，很惊喜。,1,正面,19,这个电脑的客服超出了我的预期，很惊喜。
手表客服很差，根本不值这个价。,0,负面,15,手表客服很差，根本不值这个价。
水杯颜色很棒，价格也合理，好评。,1,正面,16,水杯颜色很棒，价格也合理，好评。
手机的包装很好，做工精细，很喜欢。,1,正面,17,手机的包装很好，做工精细，很喜欢。
这个手机的包装超出了我的预期，很惊喜。,1,正面,19,这个手机的包装超出了我的预期，很惊喜。
这个书包的材质真的不行，不如实体店买。！建议大家参考。,0,负面,27,这个书包的材质真的不行，不如实体店买。！建议大家参考。
衣服的材质很好，物流也快，五星好评。,1,正面,18,衣服的材质很好，物流也快，五星好评。
用了没几天水杯的包装就出问题了，差评。,0,负面,19,用了没几天水杯的包装就出问题了，差评。
买回来用了几天，手机的材质确实好。,1,正面,17,买回来用了几天，手机的材质确实好。
客服态度差，充电宝的包装也有问题，体验很差。,0,负面,22,客服态度差，充电宝的包装也有问题，体验很差。
第二次回购了，鞋子的材质一如既往的好。,1,正面,19,第二次回购了，鞋子的材质一如既往的好。
这个手机的价格不行，建议大家别买。。,0,负面,18,这个手机的价格不行，建议大家别买。。
第二次回购了，充电宝的质量一如既往的好。,1,正面,20,第二次回购了，充电宝的质量一如既往的好。
耳机客服很差，根本不值这个价。,0,负面,15,耳机客服很差，根本不值这个价。
这个手机的功能不行，建议大家别买。,0,负面,17,这个手机的功能不行，建议大家别买。
这个耳机的功能不错，推荐给大家。,1,正面,16,这个耳机的功能不错，推荐给大家。
收到耳机了，物流很差，申请退货中。,0,负面,17,收到耳机了，物流很差，申请退货中。
手表的质量超出预期，值得购买。！,1,正面,16,手表的质量超出预期，值得购买。！
这个手机的材质不错，推荐给大家。,1,正面,16,这个手机的材质不错，推荐给大家。
性价比很高的书包，材质没让我失望。,1,正面,17,性价比很高的书包，材质没让我失望。
水杯质量很好，很满意！,1,正面,11,水杯质量很好，很满意！
收到鞋子了，质量比想象中好，颜色也好看。，不推荐！,1,正面,25,收到鞋子了，质量比想象中好，颜色也好看。，不推荐！
鞋子的价格超出预期，值得购买。,1,正面,15,鞋子的价格超出预期，值得购买。
被图片骗了，实际台灯的尺寸很差，不值这个价。,0,负面,22,被图片骗了，实际台灯的尺寸很差，不值这个价。
电脑物流很棒，价格也合理，好评。,1,正面,16,电脑物流很棒，价格也合理，好评。
耳机的包装很好，做工精细，很喜欢。,1,正面,17,耳机的包装很好，做工精细，很喜欢。
水杯的价格太差了，非常后悔。,0,负面,14,水杯的价格太差了，非常后悔。
衣服尺寸很差，根本不值这个价。，不推荐！,0,负面,20,衣服尺寸很差，根本不值这个价。，不推荐！
买回来用了几天，衣服的客服确实好。！,1,正面,18,买回来用了几天，衣服的客服确实好。！
收到电脑了，包装比想象中好，颜色也好看。，不推荐！,1,正面,25,收到电脑了，包装比想象中好，颜色也好看。，不推荐！
客服态度差，手表的功能也有问题，体验很差。！建议大家参考。,0,负面,29,客服态度差，手表的功能也有问题，体验很差。！建议大家参考。
手表的包装真的是太差了，一次糟糕的购物体验。，不推荐！,0,负面,27,手表的包装真的是太差了，一次糟糕的购物体验。，不推荐！
对比了好几家才选的这家，鞋子的做工确实好。，不推荐！,1,正面,26,对比了好几家才选的这家，鞋子的做工确实好。，不推荐！
好评！手机的质量很好，客服态度也好。！建议大家参考。,1,正面,26,好评！手机的质量很好，客服态度也好。！建议大家参考。
这个衣服的价格不错，推荐给大家。,1,正面,16,这个衣服的价格不错，推荐给大家。
买回来就发现手表的材质有问题，很失望。，不推荐！,0,负面,24,买回来就发现手表的材质有问题，很失望。，不推荐！
给家人买的手表，他们说颜色很好。,1,正面,16,给家人买的手表，他们说颜色很好。
这个台灯的材质不行，建议大家别买。,0,负面,17,这个台灯的材质不行，建议大家别买。
买回来用了几天，书包的做工确实好。,1,正面,17,买回来用了几天，书包的做工确实好。
买回来就发现电脑的包装有问题，很失望。,0,负面,19,买回来就发现电脑的包装有问题，很失望。
客服态度差，台灯的物流也有问题，体验很差。,0,负面,21,客服态度差，台灯的物流也有问题，体验很差。
再也不在这家买了，书包的材质太让人失望了。，不推荐！,0,负面,26,再也不在这家买了，书包的材质太让人失望了。，不推荐！
给家人买的书包，他们说客服很好。，不推荐！,1,正面,21,给家人买的书包，他们说客服很好。，不推荐！
好评！水杯的外观很好，客服态度也好。。,1,正面,19,好评！水杯的外观很好，客服态度也好。。
好评！耳机的外观很好，客服态度也好。,1,正面,18,好评！耳机的外观很好，客服态度也好。
买回来用了几天，充电宝的材质确实好。,1,正面,18,买回来用了几天，充电宝的材质确实好。
这个台灯的包装真的不行，不如实体店买。,0,负面,19,这个台灯的包装真的不行，不如实体店买。
手机价格很棒，价格也合理，好评。,1,正面,16,手机价格很棒，价格也合理，好评。
衣服物流很差，根本不值这个价。,0,负面,15,衣服物流很差，根本不值这个价。
用了没几天耳机的物流就出问题了，差评。,0,负面,19,用了没几天耳机的物流就出问题了，差评。
买回来就发现手机的价格有问题，很失望。,0,负面,19,买回来就发现手机的价格有问题，很失望。
电脑功能很差，根本不值这个价。,0,负面,15,电脑功能很差，根本不值这个价。
这个价钱买到这么好的水杯，价格还这么好，太值了。！建议大家参考。,1,正面,32,这个价钱买到这么好的水杯，价格还这么好，太值了。！建议大家参考。
物流慢也就算了，衣服的质量还这么差，差评。,0,负面,21,物流慢也就算了，衣服的质量还这么差，差评。
这个价钱买到这么好的耳机，颜色还这么好，太值了。,1,正面,24,这个价钱买到这么好的耳机，颜色还这么好，太值了。
耳机质量很差，根本不值这个价。,0,负面,15,耳机质量很差，根本不值这个价。
买回来用了几天，电脑的质量确实好。,1,正面,17,买回来用了几天，电脑的质量确实好。
对比了好几家才选的这家，手机的颜色确实好。！,1,正面,22,对比了好几家才选的这家，手机的颜色确实好。！
对比了好几家才选的这家，电脑的价格确实好。,1,正面,21,对比了好几家才选的这家，电脑的价格确实好。
充电宝的价格很好，做工精细，很喜欢。,1,正面,18,充电宝的价格很好，做工精细，很喜欢。
物流慢也就算了，手机的客服还这么差，差评。,0,负面,21,物流慢也就算了，手机的客服还这么差，差评。
好评！电脑的包装很好，客服态度也好。,1,正面,18,好评！电脑的包装很好，客服态度也好。
收到充电宝了，材质比想象中好，颜色也好看。！,1,正面,22,收到充电宝了，材质比想象中好，颜色也好看。！
对比了好几家才选的这家，电脑的材质确实好。,1,正面,21,对比了好几家才选的这家，电脑的材质确实好。
客服态度差，手表的做工也有问题，体验很差。,0,负面,21,客服态度差，手表的做工也有问题，体验很差。
太坑了，鞋子的做工和描述完全不一样。,0,负面,18,太坑了，鞋子的做工和描述完全不一样。
这个耳机的价格真的不行，不如实体店买。，推荐！,0,负面,23,这个耳机的价格真的不行，不如实体店买。，推荐！
买回来就发现鞋子的做工有问题，很失望。,0,负面,19,买回来就发现鞋子的做工有问题，很失望。
衣服客服很好，很满意！,1,正面,11,衣服客服很好，很满意！
充电宝材质很好，很满意！。,1,正面,13,充电宝材质很好，很满意！。
太坑了，水杯的颜色和描述完全不一样。,0,负面,18,太坑了，水杯的颜色和描述完全不一样。
手机的外观很好，物流也快，五星好评。！建议大家参考。,1,正面,26,手机的外观很好，物流也快，五星好评。！建议大家参考。
好评！手机的客服很好，客服态度也好。,1,正面,18,好评！手机的客服很好，客服态度也好。
水杯功能很差，根本不值这个价。,0,负面,15,水杯功能很差，根本不值这个价。
充电宝的质量很好，物流也快，五星好评。！,1,正面,20,充电宝的质量很好，物流也快，五星好评。！
用了没几天衣服的颜色就出问题了，差评。,0,负面,19,用了没几天衣服的颜色就出问题了，差评。
好评！衣服的包装很好，客服态度也好。,1,正面,18,好评！衣服的包装很好，客服态度也好。
买回来用了几天，水杯的包装确实好。！建议大家参考。,1,正面,25,买回来用了几天，水杯的包装确实好。！建议大家参考。
这个手表的客服不错，推荐给大家。,1,正面,16,这个手表的客服不错，推荐给大家。
耳机的功能很好，物流也快，五星好评。,1,正面,18,耳机的功能很好，物流也快，五星好评。
手机的尺寸真的是太差了，一次糟糕的购物体验。,0,负面,22,手机的尺寸真的是太差了，一次糟糕的购物体验。
太坑了，鞋子的价格和描述完全不一样。,0,负面,18,太坑了，鞋子的价格和描述完全不一样。
太坑了，水杯的质量和描述完全不一样。,0,负面,18,太坑了，水杯的质量和描述完全不一样。
这个鞋子的尺寸不行，建议大家别买。,0,负面,17,这个鞋子的尺寸不行，建议大家别买。
好评！鞋子的包装很好，客服态度也好。！建议大家参考。,1,正面,26,好评！鞋子的包装很好，客服态度也好。！建议大家参考。
再也不在这家买了，台灯的价格太让人失望了。,0,负面,21,再也不在这家买了，台灯的价格太让人失望了。
收到充电宝了，功能比想象中好，颜色也好看。,1,正面,21,收到充电宝了，功能比想象中好，颜色也好看。
客服态度差，手表的材质也有问题，体验很差。！建议大家参考。,0,负面,29,客服态度差，手表的材质也有问题，体验很差。！建议大家参考。
这个耳机的功能超出了我的预期，很惊喜。，推荐！,1,正面,23,这个耳机的功能超出了我的预期，很惊喜。，推荐！
这个水杯的颜色很差，和图片上的完全不一样。，推荐！,0,负面,25,这个水杯的颜色很差，和图片上的完全不一样。，推荐！
客服态度差，书包的价格也有问题，体验很差。,0,负面,21,客服态度差，书包的价格也有问题，体验很差。
衣服尺寸很差，根本不值这个价。。,0,负面,16,衣服尺寸很差，根本不值这个价。。
再也不在这家买了，台灯的物流太让人失望了。,0,负面,21,再也不在这家买了，台灯的物流太让人失望了。
用了没几天手机的做工就出问题了，差评。,0,负面,19,用了没几天手机的做工就出问题了，差评。
被图片骗了，实际手表的做工很差，不值这个价。,0,负面,22,被图片骗了，实际手表的做工很差，不值这个价。
客服态度差，充电宝的质量也有问题，体验很差。,0,负面,22,客服态度差，充电宝的质量也有问题，体验很差。
充电宝的颜色真的是太差了，一次糟糕的购物体验。,0,负面,23,充电宝的颜色真的是太差了，一次糟糕的购物体验。
这个手表的做工不错，推荐给大家。,1,正面,16,这个手表的做工不错，推荐给大家。
性价比很高的手表，客服没让我失望。,1,正面,17,性价比很高的手表，客服没让我失望。
客服态度差，手表的物流也有问题，体验很差。,0,负面,21,客服态度差，手表的物流也有问题，体验很差。
收到手机了，材质很差，申请退货中。,0,负面,17,收到手机了，材质很差，申请退货中。
收到台灯了，物流很差，申请退货中。,0,负面,17,收到台灯了，物流很差，申请退货中。
用了没几天台灯的价格就出问题了，差评。,0,负面,19,用了没几天台灯的价格就出问题了，差评。
电脑的功能真的是太差了，一次糟糕的购物体验。,0,负面,22,电脑的功能真的是太差了，一次糟糕的购物体验。
买回来用了几天，水杯的客服确实好。，不推荐！,1,正面,22,买回来用了几天，水杯的客服确实好。，不推荐！
被图片骗了，实际书包的包装很差，不值这个价。,0,负面,22,被图片骗了，实际书包的包装很差，不值这个价。
物流慢也就算了，耳机的做工还这么差，差评。,0,负面,21,物流慢也就算了，耳机的做工还这么差，差评。
手机的价格超出预期，值得购买。，不推荐！,1,正面,20,手机的价格超出预期，值得购买。，不推荐！
第二次回购了，手机的材质一如既往的好。,1,正面,19,第二次回购了，手机的材质一如既往的好。
再也不在这家买了，水杯的功能太让人失望了。,0,负面,21,再也不在这家买了，水杯的功能太让人失望了。
收到充电宝了，材质比想象中好，颜色也好看。,1,正面,21,收到充电宝了，材质比想象中好，颜色也好看。
衣服的价格很好，物流也快，五星好评。,1,正面,18,衣服的价格很好，物流也快，五星好评。
收到鞋子了，尺寸很差，申请退货中。,0,负面,17,收到鞋子了，尺寸很差，申请退货中。
充电宝的材质超出预期，值得购买。,1,正面,16,充电宝的材质超出预期，值得购买。
给家人买的台灯，他们说功能很好。,1,正面,16,给家人买的台灯，他们说功能很好。
买回来用了几天，电脑的做工确实好。,1,正面,17,买回来用了几天，电脑的做工确实好。
这个台灯的做工很差，和图片上的完全不一样。,0,负面,21,这个台灯的做工很差，和图片上的完全不一样。
好评！书包的物流很好，客服态度也好。！,1,正面,19,好评！书包的物流很好，客服态度也好。！
性价比很高的充电宝，物流没让我失望。,1,正面,18,性价比很高的充电宝，物流没让我失望。
再也不在这家买了，耳机的质量太让人失望了。,0,负面,21,再也不在这家买了，耳机的质量太让人失望了。
买回来用了几天，充电宝的价格确实好。,1,正面,18,买回来用了几天，充电宝的价格确实好。
水杯颜色很好，很满意！,1,正面,11,水杯颜色很好，很满意！
台灯的质量超出预期，值得购买。,1,正面,15,台灯的质量超出预期，值得购买。
这个价钱买到这么好的耳机，外观还这么好，太值了。,1,正面,24,这个价钱买到这么好的耳机，外观还这么好，太值了。
好评！台灯的外观很好，客服态度也好。,1,正面,18,好评！台灯的外观很好，客服态度也好。
衣服做工很棒，价格也合理，好评。,1,正面,16,衣服做工很棒，价格也合理，好评。
再也不在这家买了，电脑的功能太让人失望了。,0,负面,21,再也不在这家买了，电脑的功能太让人失望了。
退货了，电脑的尺寸完全不能用，浪费时间。,0,负面,20,退货了，电脑的尺寸完全不能用，浪费时间。
被图片骗了，实际耳机的包装很差，不值这个价。,0,负面,22,被图片骗了，实际耳机的包装很差，不值这个价。
鞋子的颜色很好，物流也快，五星好评。,1,正面,18,鞋子的颜色很好，物流也快，五星好评。
手机价格很差，根本不值这个价。，推荐！,0,负面,19,手机价格很差，根本不值这个价。，推荐！
这个衣服的价格很差，和图片上的完全不一样。，推荐！,0,负面,25,这个衣服的价格很差，和图片上的完全不一样。，推荐！
买回来用了几天，书包的客服确实好。，推荐！,1,正面,21,买回来用了几天，书包的客服确实好。，推荐！
物流慢也就算了，水杯的价格还这么差，差评。,0,负面,21,物流慢也就算了，水杯的价格还这么差，差评。
水杯的颜色真的是太差了，一次糟糕的购物体验。,0,负面,22,水杯的颜色真的是太差了，一次糟糕的购物体验。
太坑了，水杯的尺寸和描述完全不一样。！建议大家参考。,0,负面,26,太坑了，水杯的尺寸和描述完全不一样。！建议大家参考。
客服态度差，书包的功能也有问题，体验很差。,0,负面,21,客服态度差，书包的功能也有问题，体验很差。
这个台灯的质量很差，和图片上的完全不一样。，不推荐！,0,负面,26,这个台灯的质量很差，和图片上的完全不一样。，不推荐！
性价比很高的鞋子，质量没让我失望。,1,正面,17,性价比很高的鞋子，质量没让我失望。
收到水杯了，价格很差，申请退货中。，不推荐！,0,负面,22,收到水杯了，价格很差，申请退货中。，不推荐！
这个鞋子的客服超出了我的预期，很惊喜。,1,正面,19,这个鞋子的客服超出了我的预期，很惊喜。
用了没几天耳机的尺寸就出问题了，差评。，不推荐！,0,负面,24,用了没几天耳机的尺寸就出问题了，差评。，不推荐！
水杯包装很好，很满意！！,1,正面,12,水杯包装很好，很满意！！
这个充电宝的颜色真的不行，不如实体店买。,0,负面,20,这个充电宝的颜色真的不行，不如实体店买。
台灯的做工太差了，非常后悔。,0,负面,14,台灯的做工太差了，非常后悔。
好评！书包的包装很好，客服态度也好。,1,正面,18,好评！书包的包装很好，客服态度也好。
衣服的包装很好，做工精细，很喜欢。,1,正面,17,衣服的包装很好，做工精细，很喜欢。
手表包装很差，根本不值这个价。。,0,负面,16,手表包装很差，根本不值这个价。。
书包的材质很好，做工精细，很喜欢。,1,正面,17,书包的材质很好，做工精细，很喜欢。
这个手机的物流真的不行，不如实体店买。,0,负面,19,这个手机的物流真的不行，不如实体店买。
被图片骗了，实际电脑的价格很差，不值这个价。,0,负面,22,被图片骗了，实际电脑的价格很差，不值这个价。
水杯的材质很好，做工精细，很喜欢。,1,正面,17,水杯的材质很好，做工精细，很喜欢。
好评！台灯的价格很好，客服态度也好。,1,正面,18,好评！台灯的价格很好，客服态度也好。
这个水杯的功能不行，建议大家别买。,0,负面,17,这个水杯的功能不行，建议大家别买。
电脑的价格真的是太差了，一次糟糕的购物体验。，推荐！,0,负面,26,电脑的价格真的是太差了，一次糟糕的购物体验。，推荐！
物流慢也就算了，书包的物流还这么差，差评。,0,负面,21,物流慢也就算了，书包的物流还这么差，差评。
电脑的价格很好，物流也快，五星好评。,1,正面,18,电脑的价格很好，物流也快，五星好评。
物流慢也就算了，书包的质量还这么差，差评。,0,负面,21,物流慢也就算了，书包的质量还这么差，差评。
耳机包装很差，根本不值这个价。,0,负面,15,耳机包装很差，根本不值这个价。
收到水杯了，材质很差，申请退货中。！,0,负面,18,收到水杯了，材质很差，申请退货中。！
这个耳机的功能超出了我的预期，很惊喜。,1,正面,19,这个耳机的功能超出了我的预期，很惊喜。
客服态度差，衣服的做工也有问题，体验很差。,0,负面,21,客服态度差，衣服的做工也有问题，体验很差。
物流慢也就算了，电脑的价格还这么差，差评。，推荐！,0,负面,25,物流慢也就算了，电脑的价格还这么差，差评。，推荐！
手表的功能很好，做工精细，很喜欢。,1,正面,17,手表的功能很好，做工精细，很喜欢。
好评！电脑的材质很好，客服态度也好。,1,正面,18,好评！电脑的材质很好，客服态度也好。
买回来就发现水杯的做工有问题，很失望。,0,负面,19,买回来就发现水杯的做工有问题，很失望。
好评！手表的材质很好，客服态度也好。！,1,正面,19,好评！手表的材质很好，客服态度也好。！
这个衣服的质量超出了我的预期，很惊喜。,1,正面,19,这个衣服的质量超出了我的预期，很惊喜。
这个电脑的包装很差，和图片上的完全不一样。,0,负面,21,这个电脑的包装很差，和图片上的完全不一样。
退货了，充电宝的包装完全不能用，浪费时间。,0,负面,21,退货了，充电宝的包装完全不能用，浪费时间。
手表质量很棒，价格也合理，好评。,1,正面,16,手表质量很棒，价格也合理，好评。
客服态度差，电脑的颜色也有问题，体验很差。！建议大家参考。,0,负面,29,客服态度差，电脑的颜色也有问题，体验很差。！建议大家参考。
这个电脑的外观超出了我的预期，很惊喜。，推荐！,1,正面,23,这个电脑的外观超出了我的预期，很惊喜。，推荐！
第二次回购了，衣服的做工一如既往的好。,1,正面,19,第二次回购了，衣服的做工一如既往的好。
物流慢也就算了，电脑的尺寸还这么差，差评。，不推荐！,0,负面,26,物流慢也就算了，电脑的尺寸还这么差，差评。，不推荐！
性价比很高的书包，质量没让我失望。！建议大家参考。,1,正面,25,性价比很高的书包，质量没让我失望。！建议大家参考。
性价比很高的鞋子，客服没让我失望。,1,正面,17,性价比很高的鞋子，客服没让我失望。
物流慢也就算了，衣服的做工还这么差，差评。,0,负面,21,物流慢也就算了，衣服的做工还这么差，差评。
第二次回购了，衣服的颜色一如既往的好。,1,正面,19,第二次回购了，衣服的颜色一如既往的好。
物流慢也就算了，水杯的材质还这么差，差评。，不推荐！,0,负面,26,物流慢也就算了，水杯的材质还这么差，差评。，不推荐！
用了没几天水杯的颜色就出问题了，差评。,0,负面,19,用了没几天水杯的颜色就出问题了，差评。
这个价钱买到这么好的充电宝，做工还这么好，太值了。,1,正面,25,这个价钱买到这么好的充电宝，做工还这么好，太值了。
台灯的价格太差了，非常后悔。,0,负面,14,台灯的价格太差了，非常后悔。
给家人买的鞋子，他们说物流很好。,1,正面,16,给家人买的鞋子，他们说物流很好。
物流慢也就算了，电脑的做工还这么差，差评。,0,负面,21,物流慢也就算了，电脑的做工还这么差，差评。
耳机的包装太差了，非常后悔。,0,负面,14,耳机的包装太差了，非常后悔。
水杯材质很差，根本不值这个价。,0,负面,15,水杯材质很差，根本不值这个价。
收到水杯了，质量很差，申请退货中。,0,负面,17,收到水杯了，质量很差，申请退货中。
退货了，衣服的质量完全不能用，浪费时间。,0,负面,20,退货了，衣服的质量完全不能用，浪费时间。
对比了好几家才选的这家，电脑的包装确实好。,1,正面,21,对比了好几家才选的这家，电脑的包装确实好。
太坑了，充电宝的质量和描述完全不一样。，不推荐！,0,负面,24,太坑了，充电宝的质量和描述完全不一样。，不推荐！
收到充电宝了，质量很差，申请退货中。,0,负面,18,收到充电宝了，质量很差，申请退货中。
这个台灯的质量不行，建议大家别买。,0,负面,17,这个台灯的质量不行，建议大家别买。
买回来就发现手机的做工有问题，很失望。,0,负面,19,买回来就发现手机的做工有问题，很失望。
衣服的价格太差了，非常后悔。,0,负面,14,衣服的价格太差了，非常后悔。
这个衣服的功能不错，推荐给大家。,1,正面,16,这个衣服的功能不错，推荐给大家。
对比了好几家才选的这家，充电宝的功能确实好。,1,正面,22,对比了好几家才选的这家，充电宝的功能确实好。
耳机价格很好，很满意！,1,正面,11,耳机价格很好，很满意！
这个水杯的物流超出了我的预期，很惊喜。，推荐！,1,正面,23,这个水杯的物流超出了我的预期，很惊喜。，推荐！
鞋子价格很棒，价格也合理，好评。,1,正面,16,鞋子价格很棒，价格也合理，好评。
性价比很高的充电宝，客服没让我失望。,1,正面,18,性价比很高的充电宝，客服没让我失望。
太坑了，鞋子的尺寸和描述完全不一样。,0,负面,18,太坑了，鞋子的尺寸和描述完全不一样。
客服态度差，书包的功能也有问题，体验很差。。,0,负面,22,客服态度差，书包的功能也有问题，体验很差。。
这个台灯的客服不行，建议大家别买。,0,负面,17,这个台灯的客服不行，建议大家别买。
这个鞋子的颜色真的不行，不如实体店买。，不推荐！,0,负面,24,这个鞋子的颜色真的不行，不如实体店买。，不推荐！
这个手表的价格不错，推荐给大家。。,1,正面,17,这个手表的价格不错，推荐给大家。。
收到手机了，颜色比想象中好，颜色也好看。！建议大家参考。,1,正面,28,收到手机了，颜色比想象中好，颜色也好看。！建议大家参考。
这个电脑的材质不错，推荐给大家。,1,正面,16,这个电脑的材质不错，推荐给大家。
对比了好几家才选的这家，耳机的做工确实好。！,1,正面,22,对比了好几家才选的这家，耳机的做工确实好。！
性价比很高的耳机，物流没让我失望。！,1,正面,18,性价比很高的耳机，物流没让我失望。！
物流慢也就算了，电脑的包装还这么差，差评。,0,负面,21,物流慢也就算了，电脑的包装还这么差，差评。
客服态度差，手表的颜色也有问题，体验很差。,0,负面,21,客服态度差，手表的颜色也有问题，体验很差。
对比了好几家才选的这家，书包的质量确实好。,1,正面,21,对比了好几家才选的这家，书包的质量确实好。
这个电脑的外观超出了我的预期，很惊喜。,1,正面,19,这个电脑的外观超出了我的预期，很惊喜。
手表材质很好，很满意！,1,正面,11,手表材质很好，很满意！
再也不在这家买了，鞋子的材质太让人失望了。！建议大家参考。,0,负面,29,再也不在这家买了，鞋子的材质太让人失望了。！建议大家参考。
买回来就发现手表的尺寸有问题，很失望。,0,负面,19,买回来就发现手表的尺寸有问题，很失望。
这个衣服的客服不行，建议大家别买。,0,负面,17,这个衣服的客服不行，建议大家别买。
买回来用了几天，水杯的客服确实好。,1,正面,17,买回来用了几天，水杯的客服确实好。
再也不在这家买了，鞋子的价格太让人失望了。,0,负面,21,再也不在这家买了，鞋子的价格太让人失望了。
好评！充电宝的做工很好，客服态度也好。,1,正面,19,好评！充电宝的做工很好，客服态度也好。
这个书包的颜色真的不行，不如实体店买。,0,负面,19,这个书包的颜色真的不行，不如实体店买。
收到水杯了，材质很差，申请退货中。，推荐！,0,负面,21,收到水杯了，材质很差，申请退货中。，推荐！
这个书包的材质不错，推荐给大家。,1,正面,16,这个书包的材质不错，推荐给大家。
用了没几天水杯的尺寸就出问题了，差评。,0,负面,19,用了没几天水杯的尺寸就出问题了，差评。
台灯材质很差，根本不值这个价。,0,负面,15,台灯材质很差，根本不值这个价。
这个电脑的包装超出了我的预期，很惊喜。,1,正面,19,这个电脑的包装超出了我的预期，很惊喜。
再也不在这家买了，书包的颜色太让人失望了。,0,负面,21,再也不在这家买了，书包的颜色太让人失望了。
客服态度差，书包的做工也有问题，体验很差。，推荐！,0,负面,25,客服态度差，书包的做工也有问题，体验很差。，推荐！
这个台灯的客服真的不行，不如实体店买。，不推荐！,0,负面,24,这个台灯的客服真的不行，不如实体店买。，不推荐！
好评！电脑的客服很好，客服态度也好。,1,正面,18,好评！电脑的客服很好，客服态度也好。
衣服的外观很好，物流也快，五星好评。,1,正面,18,衣服的外观很好，物流也快，五星好评。
收到衣服了，质量很差，申请退货中。，推荐！,0,负面,21,收到衣服了，质量很差，申请退货中。，推荐！
水杯的功能很好，做工精细，很喜欢。,1,正面,17,水杯的功能很好，做工精细，很喜欢。
收到书包了，质量很差，申请退货中。，不推荐！,0,负面,22,收到书包了，质量很差，申请退货中。，不推荐！
用了没几天手机的功能就出问题了，差评。,0,负面,19,用了没几天手机的功能就出问题了，差评。
买回来用了几天，耳机的做工确实好。,1,正面,17,买回来用了几天，耳机的做工确实好。
这个手机的包装不错，推荐给大家。,1,正面,16,这个手机的包装不错，推荐给大家。
电脑价格很差，根本不值这个价。,0,负面,15,电脑价格很差，根本不值这个价。
这个台灯的质量超出了我的预期，很惊喜。,1,正面,19,这个台灯的质量超出了我的预期，很惊喜。
第二次回购了，手机的客服一如既往的好。,1,正面,19,第二次回购了，手机的客服一如既往的好。
充电宝的尺寸太差了，非常后悔。,0,负面,15,充电宝的尺寸太差了，非常后悔。
再也不在这家买了，电脑的功能太让人失望了。！,0,负面,22,再也不在这家买了，电脑的功能太让人失望了。！
太坑了，手机的物流和描述完全不一样。,0,负面,18,太坑了，手机的物流和描述完全不一样。
这个鞋子的物流很差，和图片上的完全不一样。,0,负面,21,这个鞋子的物流很差，和图片上的完全不一样。
手机的客服很好，物流也快，五星好评。，不推荐！,1,正面,23,手机的客服很好，物流也快，五星好评。，不推荐！
用了没几天手表的物流就出问题了，差评。,0,负面,19,用了没几天手表的物流就出问题了，差评。
被图片骗了，实际书包的功能很差，不值这个价。,0,负面,22,被图片骗了，实际书包的功能很差，不值这个价。
水杯的客服很好，物流也快，五星好评。,1,正面,18,水杯的客服很好，物流也快，五星好评。
再也不在这家买了，衣服的包装太让人失望了。，不推荐！,0,负面,26,再也不在这家买了，衣服的包装太让人失望了。，不推荐！
这个手表的物流真的不行，不如实体店买。,0,负面,19,这个手表的物流真的不行，不如实体店买。
用了没几天鞋子的功能就出问题了，差评。。,0,负面,20,用了没几天鞋子的功能就出问题了，差评。。
用了没几天充电宝的包装就出问题了，差评。,0,负面,20,用了没几天充电宝的包装就出问题了，差评。
用了没几天台灯的尺寸就出问题了，差评。。,0,负面,20,用了没几天台灯的尺寸就出问题了，差评。。
太坑了，手表的客服和描述完全不一样。,0,负面,18,太坑了，手表的客服和描述完全不一样。
买回来用了几天，手表的做工确实好。，推荐！,1,正面,21,买回来用了几天，手表的做工确实好。，推荐！
鞋子颜色很好，很满意！,1,正面,11,鞋子颜色很好，很满意！
这个水杯的客服很差，和图片上的完全不一样。,0,负面,21,这个水杯的客服很差，和图片上的完全不一样。
买回来就发现电脑的做工有问题，很失望。！建议大家参考。,0,负面,27,买回来就发现电脑的做工有问题，很失望。！建议大家参考。
性价比很高的耳机，功能没让我失望。,1,正面,17,性价比很高的耳机，功能没让我失望。
这个耳机的质量超出了我的预期，很惊喜。,1,正面,19,这个耳机的质量超出了我的预期，很惊喜。
买回来用了几天，手表的做工确实好。,1,正面,17,买回来用了几天，手表的做工确实好。
耳机的外观很好，物流也快，五星好评。,1,正面,18,耳机的外观很好，物流也快，五星好评。
收到台灯了，质量比想象中好，颜色也好看。,1,正面,20,收到台灯了，质量比想象中好，颜色也好看。
收到手机了，价格比想象中好，颜色也好看。,1,正面,20,收到手机了，价格比想象中好，颜色也好看。
退货了，书包的客服完全不能用，浪费时间。,0,负面,20,退货了，书包的客服完全不能用，浪费时间。
收到衣服了，尺寸很差，申请退货中。！建议大家参考。,0,负面,25,收到衣服了，尺寸很差，申请退货中。！建议大家参考。
收到衣服了，价格比想象中好，颜色也好看。。,1,正面,21,收到衣服了，价格比想象中好，颜色也好看。。
买回来就发现耳机的材质有问题，很失望。，推荐！,0,负面,23,买回来就发现耳机的材质有问题，很失望。，推荐！
性价比很高的衣服，材质没让我失望。,1,正面,17,性价比很高的衣服，材质没让我失望。
给家人买的手表，他们说质量很好。,1,正面,16,给家人买的手表，他们说质量很好。
手机的价格超出预期，值得购买。！,1,正面,16,手机的价格超出预期，值得购买。！
书包的客服很好，物流也快，五星好评。,1,正面,18,书包的客服很好，物流也快，五星好评。
对比了好几家才选的这家，充电宝的外观确实好。,1,正面,22,对比了好几家才选的这家，充电宝的外观确实好。
手机的包装很好，物流也快，五星好评。！,1,正面,19,手机的包装很好，物流也快，五星好评。！
太坑了，书包的价格和描述完全不一样。！建议大家参考。,0,负面,26,太坑了，书包的价格和描述完全不一样。！建议大家参考。
对比了好几家才选的这家，手机的质量确实好。,1,正面,21,对比了好几家才选的这家，手机的质量确实好。
电脑包装很好，很满意！,1,正面,11,电脑包装很好，很满意！
这个耳机的功能不行，建议大家别买。,0,负面,17,这个耳机的功能不行，建议大家别买。
这个鞋子的包装不错，推荐给大家。,1,正面,16,这个鞋子的包装不错，推荐给大家。
书包的物流太差了，非常后悔。,0,负面,14,书包的物流太差了，非常后悔。
这个手机的质量真的不行，不如实体店买。，不推荐！,0,负面,24,这个手机的质量真的不行，不如实体店买。，不推荐！
这个手表的客服不行，建议大家别买。！,0,负面,18,这个手表的客服不行，建议大家别买。！
台灯的客服很好，物流也快，五星好评。,1,正面,18,台灯的客服很好，物流也快，五星好评。
物流慢也就算了，水杯的尺寸还这么差，差评。，推荐！,0,负面,25,物流慢也就算了，水杯的尺寸还这么差，差评。，推荐！
买回来用了几天，书包的包装确实好。，不推荐！,1,正面,22,买回来用了几天，书包的包装确实好。，不推荐！
耳机的质量真的是太差了，一次糟糕的购物体验。,0,负面,22,耳机的质量真的是太差了，一次糟糕的购物体验。
衣服的颜色太差了，非常后悔。,0,负面,14,衣服的颜色太差了，非常后悔。
买回来就发现耳机的物流有问题，很失望。,0,负面,19,买回来就发现耳机的物流有问题，很失望。
物流慢也就算了，衣服的物流还这么差，差评。,0,负面,21,物流慢也就算了，衣服的物流还这么差，差评。
这个充电宝的功能超出了我的预期，很惊喜。！建议大家参考。,1,正面,28,这个充电宝的功能超出了我的预期，很惊喜。！建议大家参考。
这个电脑的功能不行，建议大家别买。,0,负面,17,这个电脑的功能不行，建议大家别买。
太坑了，台灯的尺寸和描述完全不一样。,0,负面,18,太坑了，台灯的尺寸和描述完全不一样。
第二次回购了，书包的颜色一如既往的好。,1,正面,19,第二次回购了，书包的颜色一如既往的好。
性价比很高的衣服，物流没让我失望。,1,正面,17,性价比很高的衣服，物流没让我失望。
太坑了，电脑的物流和描述完全不一样。,0,负面,18,太坑了，电脑的物流和描述完全不一样。
这个电脑的材质真的不行，不如实体店买。,0,负面,19,这个电脑的材质真的不行，不如实体店买。
性价比很高的手机，材质没让我失望。,1,正面,17,性价比很高的手机，材质没让我失望。
手表颜色很棒，价格也合理，好评。，不推荐！,1,正面,21,手表颜色很棒，价格也合理，好评。，不推荐！
这个书包的功能不行，建议大家别买。,0,负面,17,这个书包的功能不行，建议大家别买。
再也不在这家买了，手机的质量太让人失望了。,0,负面,21,再也不在这家买了，手机的质量太让人失望了。
电脑的尺寸太差了，非常后悔。,0,负面,14,电脑的尺寸太差了，非常后悔。
手表的颜色超出预期，值得购买。,1,正面,15,手表的颜色超出预期，值得购买。
收到耳机了，价格很差，申请退货中。,0,负面,17,收到耳机了，价格很差，申请退货中。
衣服的包装太差了，非常后悔。,0,负面,14,衣服的包装太差了，非常后悔。
这个手表的做工很差，和图片上的完全不一样。，推荐！,0,负面,25,这个手表的做工很差，和图片上的完全不一样。，推荐！
物流慢也就算了，鞋子的做工还这么差，差评。，推荐！,0,负面,25,物流慢也就算了，鞋子的做工还这么差，差评。，推荐！
买回来用了几天，充电宝的做工确实好。,1,正面,18,买回来用了几天，充电宝的做工确实好。
对比了好几家才选的这家，手表的客服确实好。,1,正面,21,对比了好几家才选的这家，手表的客服确实好。
这个手机的颜色真的不行，不如实体店买。！建议大家参考。,0,负面,27,这个手机的颜色真的不行，不如实体店买。！建议大家参考。
这个价钱买到这么好的耳机，质量还这么好，太值了。,1,正面,24,这个价钱买到这么好的耳机，质量还这么好，太值了。
物流慢也就算了，水杯的材质还这么差，差评。,0,负面,21,物流慢也就算了，水杯的材质还这么差，差评。
买回来就发现衣服的功能有问题，很失望。,0,负面,19,买回来就发现衣服的功能有问题，很失望。
耳机的材质太差了，非常后悔。,0,负面,14,耳机的材质太差了，非常后悔。
书包颜色很棒，价格也合理，好评。,1,正面,16,书包颜色很棒，价格也合理，好评。
第二次回购了，台灯的质量一如既往的好。,1,正面,19,第二次回购了，台灯的质量一如既往的好。
手机做工很好，很满意！,1,正面,11,手机做工很好，很满意！
退货了，手机的功能完全不能用，浪费时间。,0,负面,20,退货了，手机的功能完全不能用，浪费时间。
第二次回购了，耳机的功能一如既往的好。,1,正面,19,第二次回购了，耳机的功能一如既往的好。
充电宝材质很棒，价格也合理，好评。,1,正面,17,充电宝材质很棒，价格也合理，好评。
这个手表的做工很差，和图片上的完全不一样。,0,负面,21,这个手表的做工很差，和图片上的完全不一样。
对比了好几家才选的这家，书包的包装确实好。，不推荐！,1,正面,26,对比了好几家才选的这家，书包的包装确实好。，不推荐！
再也不在这家买了，充电宝的价格太让人失望了。,0,负面,22,再也不在这家买了，充电宝的价格太让人失望了。
鞋子的颜色很好，做工精细，很喜欢。,1,正面,17,鞋子的颜色很好，做工精细，很喜欢。
再也不在这家买了，台灯的包装太让人失望了。，推荐！,0,负面,25,再也不在这家买了，台灯的包装太让人失望了。，推荐！
用了没几天衣服的颜色就出问题了，差评。。,0,负面,20,用了没几天衣服的颜色就出问题了，差评。。
手机包装很好，很满意！。,1,正面,12,手机包装很好，很满意！。
衣服功能很差，根本不值这个价。，不推荐！,0,负面,20,衣服功能很差，根本不值这个价。，不推荐！
再也不在这家买了，手表的包装太让人失望了。,0,负面,21,再也不在这家买了，手表的包装太让人失望了。
对比了好几家才选的这家，充电宝的价格确实好。,1,正面,22,对比了好几家才选的这家，充电宝的价格确实好。
好评！台灯的材质很好，客服态度也好。。,1,正面,19,好评！台灯的材质很好，客服态度也好。。
这个充电宝的质量不错，推荐给大家。！建议大家参考。,1,正面,25,这个充电宝的质量不错，推荐给大家。！建议大家参考。
买回来用了几天，手表的客服确实好。,1,正面,17,买回来用了几天，手表的客服确实好。
这个衣服的尺寸很差，和图片上的完全不一样。,0,负面,21,这个衣服的尺寸很差，和图片上的完全不一样。
这个耳机的物流不错，推荐给大家。,1,正面,16,这个耳机的物流不错，推荐给大家。
这个台灯的功能不行，建议大家别买。，不推荐！,0,负面,22,这个台灯的功能不行，建议大家别买。，不推荐！
手机的客服真的是太差了，一次糟糕的购物体验。,0,负面,22,手机的客服真的是太差了，一次糟糕的购物体验。
书包的物流真的是太差了，一次糟糕的购物体验。！,0,负面,23,书包的物流真的是太差了，一次糟糕的购物体验。！
这个价钱买到这么好的台灯，客服还这么好，太值了。,1,正面,24,这个价钱买到这么好的台灯，客服还这么好，太值了。
第二次回购了，手表的颜色一如既往的好。，推荐！,1,正面,23,第二次回购了，手表的颜色一如既往的好。，推荐！
充电宝的价格很好，物流也快，五星好评。,1,正面,19,充电宝的价格很好，物流也快，五星好评。
耳机的价格太差了，非常后悔。。,0,负面,15,耳机的价格太差了，非常后悔。。
再也不在这家买了，手机的价格太让人失望了。，推荐！,0,负面,25,再也不在这家买了，手机的价格太让人失望了。，推荐！
再也不在这家买了，鞋子的质量太让人失望了。。,0,负面,22,再也不在这家买了，鞋子的质量太让人失望了。。
退货了，书包的尺寸完全不能用，浪费时间。，推荐！,0,负面,24,退货了，书包的尺寸完全不能用，浪费时间。，推荐！
被图片骗了，实际台灯的功能很差，不值这个价。！,0,负面,23,被图片骗了，实际台灯的功能很差，不值这个价。！
这个书包的尺寸真的不行，不如实体店买。,0,负面,19,这个书包的尺寸真的不行，不如实体店买。
手表的做工太差了，非常后悔。,0,负面,14,手表的做工太差了，非常后悔。
书包的质量超出预期，值得购买。,1,正面,15,书包的质量超出预期，值得购买。
这个书包的包装很差，和图片上的完全不一样。,0,负面,21,这个书包的包装很差，和图片上的完全不一样。
电脑价格很棒，价格也合理，好评。！建议大家参考。,1,正面,24,电脑价格很棒，价格也合理，好评。！建议大家参考。
买回来用了几天，书包的质量确实好。，推荐！,1,正面,21,买回来用了几天，书包的质量确实好。，推荐！
物流慢也就算了，电脑的质量还这么差，差评。,0,负面,21,物流慢也就算了，电脑的质量还这么差，差评。
这个水杯的材质不错，推荐给大家。，推荐！,1,正面,20,这个水杯的材质不错，推荐给大家。，推荐！
手机的价格超出预期，值得购买。,1,正面,15,手机的价格超出预期，值得购买。
耳机物流很好，很满意！，不推荐！,1,正面,16,耳机物流很好，很满意！，不推荐！
耳机的物流很好，做工精细，很喜欢。,1,正面,17,耳机的物流很好，做工精细，很喜欢。
买回来就发现水杯的物流有问题，很失望。,0,负面,19,买回来就发现水杯的物流有问题，很失望。
买回来用了几天，台灯的客服确实好。,1,正面,17,买回来用了几天，台灯的客服确实好。
台灯的材质真的是太差了，一次糟糕的购物体验。,0,负面,22,台灯的材质真的是太差了，一次糟糕的购物体验。
给家人买的台灯，他们说客服很好。,1,正面,16,给家人买的台灯，他们说客服很好。
给家人买的书包，他们说颜色很好。,1,正面,16,给家人买的书包，他们说颜色很好。
这个耳机的外观不错，推荐给大家。,1,正面,16,这个耳机的外观不错，推荐给大家。
对比了好几家才选的这家，充电宝的物流确实好。,1,正面,22,对比了好几家才选的这家，充电宝的物流确实好。
收到衣服了，包装很差，申请退货中。,0,负面,17,收到衣服了，包装很差，申请退货中。
收到台灯了，颜色很差，申请退货中。,0,负面,17,收到台灯了，颜色很差，申请退货中。
这个价钱买到这么好的衣服，客服还这么好，太值了。,1,正面,24,这个价钱买到这么好的衣服，客服还这么好，太值了。
充电宝功能很棒，价格也合理，好评。。,1,正面,18,充电宝功能很棒，价格也合理，好评。。
这个水杯的物流不行，建议大家别买。,0,负面,17,这个水杯的物流不行，建议大家别买。
被图片骗了，实际书包的颜色很差，不值这个价。！,0,负面,23,被图片骗了，实际书包的颜色很差，不值这个价。！
这个手表的客服不行，建议大家别买。！建议大家参考。,0,负面,25,这个手表的客服不行，建议大家别买。！建议大家参考。
鞋子颜色很棒，价格也合理，好评。,1,正面,16,鞋子颜色很棒，价格也合理，好评。
给家人买的电脑，他们说价格很好。，不推荐！,1,正面,21,给家人买的电脑，他们说价格很好。，不推荐！
鞋子的颜色超出预期，值得购买。，推荐！,1,正面,19,鞋子的颜色超出预期，值得购买。，推荐！
买回来就发现台灯的做工有问题，很失望。，推荐！,0,负面,23,买回来就发现台灯的做工有问题，很失望。，推荐！
买回来就发现充电宝的做工有问题，很失望。,0,负面,20,买回来就发现充电宝的做工有问题，很失望。
手表尺寸很差，根本不值这个价。！建议大家参考。,0,负面,23,手表尺寸很差，根本不值这个价。！建议大家参考。
退货了，书包的功能完全不能用，浪费时间。,0,负面,20,退货了，书包的功能完全不能用，浪费时间。
这个手机的物流很差，和图片上的完全不一样。,0,负面,21,这个手机的物流很差，和图片上的完全不一样。
太坑了，耳机的材质和描述完全不一样。,0,负面,18,太坑了，耳机的材质和描述完全不一样。
给家人买的水杯，他们说客服很好。,1,正面,16,给家人买的水杯，他们说客服很好。
用了没几天台灯的物流就出问题了，差评。，推荐！,0,负面,23,用了没几天台灯的物流就出问题了，差评。，推荐！
这个水杯的物流很差，和图片上的完全不一样。,0,负面,21,这个水杯的物流很差，和图片上的完全不一样。
对比了好几家才选的这家，手表的颜色确实好。！建议大家参考。,1,正面,29,对比了好几家才选的这家，手表的颜色确实好。！建议大家参考。
第二次回购了，电脑的价格一如既往的好。,1,正面,19,第二次回购了，电脑的价格一如既往的好。
买回来用了几天，耳机的功能确实好。,1,正面,17,买回来用了几天，耳机的功能确实好。
这个鞋子的物流真的不行，不如实体店买。,0,负面,19,这个鞋子的物流真的不行，不如实体店买。
这个台灯的物流真的不行，不如实体店买。,0,负面,19,这个台灯的物流真的不行，不如实体店买。
买回来就发现手表的材质有问题，很失望。,0,负面,19,买回来就发现手表的材质有问题，很失望。
这个手表的外观不错，推荐给大家。,1,正面,16,这个手表的外观不错，推荐给大家。
书包物流很差，根本不值这个价。,0,负面,15,书包物流很差，根本不值这个价。
用了没几天耳机的颜色就出问题了，差评。,0,负面,19,用了没几天耳机的颜色就出问题了，差评。
这个衣服的物流不行，建议大家别买。,0,负面,17,这个衣服的物流不行，建议大家别买。
第二次回购了，电脑的功能一如既往的好。,1,正面,19,第二次回购了，电脑的功能一如既往的好。
手表客服很好，很满意！,1,正面,11,手表客服很好，很满意！
好评！书包的外观很好，客服态度也好。,1,正面,18,好评！书包的外观很好，客服态度也好。
这个价钱买到这么好的手机，功能还这么好，太值了。,1,正面,24,这个价钱买到这么好的手机，功能还这么好，太值了。
被图片骗了，实际手表的客服很差，不值这个价。,0,负面,22,被图片骗了，实际手表的客服很差，不值这个价。
水杯的质量真的是太差了，一次糟糕的购物体验。,0,负面,22,水杯的质量真的是太差了，一次糟糕的购物体验。
鞋子的包装真的是太差了，一次糟糕的购物体验。,0,负面,22,鞋子的包装真的是太差了，一次糟糕的购物体验。
性价比很高的水杯，颜色没让我失望。,1,正面,17,性价比很高的水杯，颜色没让我失望。
性价比很高的电脑，功能没让我失望。,1,正面,17,性价比很高的电脑，功能没让我失望。
退货了，台灯的尺寸完全不能用，浪费时间。,0,负面,20,退货了，台灯的尺寸完全不能用，浪费时间。
充电宝做工很好，很满意！,1,正面,12,充电宝做工很好，很满意！
买回来就发现书包的尺寸有问题，很失望。,0,负面,19,买回来就发现书包的尺寸有问题，很失望。
客服态度差，手机的客服也有问题，体验很差。,0,负面,21,客服态度差，手机的客服也有问题，体验很差。
手机的材质很好，做工精细，很喜欢。,1,正面,17,手机的材质很好，做工精细，很喜欢。
衣服的功能很好，物流也快，五星好评。。,1,正面,19,衣服的功能很好，物流也快，五星好评。。
性价比很高的水杯，外观没让我失望。！建议大家参考。,1,正面,25,性价比很高的水杯，外观没让我失望。！建议大家参考。
客服态度差，电脑的质量也有问题，体验很差。,0,负面,21,客服态度差，电脑的质量也有问题，体验很差。
书包功能很好，很满意！,1,正面,11,书包功能很好，很满意！
客服态度差，耳机的材质也有问题，体验很差。,0,负面,21,客服态度差，耳机的材质也有问题，体验很差。
物流慢也就算了，耳机的物流还这么差，差评。,0,负面,21,物流慢也就算了，耳机的物流还这么差，差评。
买回来就发现水杯的物流有问题，很失望。，不推荐！,0,负面,24,买回来就发现水杯的物流有问题，很失望。，不推荐！
用了没几天手表的包装就出问题了，差评。,0,负面,19,用了没几天手表的包装就出问题了，差评。
这个电脑的物流不错，推荐给大家。！,1,正面,17,这个电脑的物流不错，推荐给大家。！
再也不在这家买了，耳机的颜色太让人失望了。！建议大家参考。,0,负面,29,再也不在这家买了，耳机的颜色太让人失望了。！建议大家参考。
买回来用了几天，电脑的做工确实好。，不推荐！,1,正面,22,买回来用了几天，电脑的做工确实好。，不推荐！
收到手表了，包装很差，申请退货中。。,0,负面,18,收到手表了，包装很差，申请退货中。。
好评！充电宝的质量很好，客服态度也好。，不推荐！,1,正面,24,好评！充电宝的质量很好，客服态度也好。，不推荐！
书包质量很棒，价格也合理，好评。，推荐！,1,正面,20,书包质量很棒，价格也合理，好评。，推荐！
耳机包装很好，很满意！,1,正面,11,耳机包装很好，很满意！
这个台灯的价格超出了我的预期，很惊喜。,1,正面,19,这个台灯的价格超出了我的预期，很惊喜。
手机功能很棒，价格也合理，好评。,1,正面,16,手机功能很棒，价格也合理，好评。
这个耳机的价格真的不行，不如实体店买。,0,负面,19,这个耳机的价格真的不行，不如实体店买。
太坑了，台灯的质量和描述完全不一样。,0,负面,18,太坑了，台灯的质量和描述完全不一样。
给家人买的充电宝，他们说功能很好。,1,正面,17,给家人买的充电宝，他们说功能很好。
电脑的颜色很好，物流也快，五星好评。,1,正面,18,电脑的颜色很好，物流也快，五星好评。
收到台灯了，材质很差，申请退货中。，推荐！,0,负面,21,收到台灯了，材质很差，申请退货中。，推荐！
电脑价格很棒，价格也合理，好评。,1,正面,16,电脑价格很棒，价格也合理，好评。
给家人买的书包，他们说客服很好。,1,正面,16,给家人买的书包，他们说客服很好。
给家人买的手机，他们说物流很好。,1,正面,16,给家人买的手机，他们说物流很好。
收到衣服了，质量比想象中好，颜色也好看。,1,正面,20,收到衣服了，质量比想象中好，颜色也好看。
鞋子的包装很好，做工精细，很喜欢。！建议大家参考。,1,正面,25,鞋子的包装很好，做工精细，很喜欢。！建议大家参考。
给家人买的耳机，他们说包装很好。,1,正面,16,给家人买的耳机，他们说包装很好。
衣服的价格真的是太差了，一次糟糕的购物体验。！建议大家参考。,0,负面,30,衣服的价格真的是太差了，一次糟糕的购物体验。！建议大家参考。
收到手表了，价格很差，申请退货中。,0,负面,17,收到手表了，价格很差，申请退货中。
电脑的颜色太差了，非常后悔。,0,负面,14,电脑的颜色太差了，非常后悔。
书包的功能很好，物流也快，五星好评。,1,正面,18,书包的功能很好，物流也快，五星好评。
太坑了，水杯的价格和描述完全不一样。,0,负面,18,太坑了，水杯的价格和描述完全不一样。
这个价钱买到这么好的水杯，功能还这么好，太值了。,1,正面,24,这个价钱买到这么好的水杯，功能还这么好，太值了。
水杯的物流太差了，非常后悔。,0,负面,14,水杯的物流太差了，非常后悔。
第二次回购了，台灯的物流一如既往的好。,1,正面,19,第二次回购了，台灯的物流一如既往的好。
收到衣服了，尺寸很差，申请退货中。,0,负面,17,收到衣服了，尺寸很差，申请退货中。
电脑的价格真的是太差了，一次糟糕的购物体验。,0,负面,22,电脑的价格真的是太差了，一次糟糕的购物体验。
鞋子的外观很好，做工精细，很喜欢。，推荐！,1,正面,21,鞋子的外观很好，做工精细，很喜欢。，推荐！
被图片骗了，实际电脑的客服很差，不值这个价。,0,负面,22,被图片骗了，实际电脑的客服很差，不值这个价。
水杯的外观超出预期，值得购买。,1,正面,15,水杯的外观超出预期，值得购买。
给家人买的水杯，他们说外观很好。,1,正面,16,给家人买的水杯，他们说外观很好。
这个手表的尺寸很差，和图片上的完全不一样。！建议大家参考。,0,负面,29,这个手表的尺寸很差，和图片上的完全不一样。！建议大家参考。
客服态度差，衣服的尺寸也有问题，体验很差。！,0,负面,22,客服态度差，衣服的尺寸也有问题，体验很差。！
被图片骗了，实际鞋子的颜色很差，不值这个价。,0,负面,22,被图片骗了，实际鞋子的颜色很差，不值这个价。
手表的客服很好，做工精细，很喜欢。,1,正面,17,手表的客服很好，做工精细，很喜欢。
这个衣服的物流超出了我的预期，很惊喜。，推荐！,1,正面,23,这个衣服的物流超出了我的预期，很惊喜。，推荐！
耳机外观很棒，价格也合理，好评。！建议大家参考。,1,正面,24,耳机外观很棒，价格也合理，好评。！建议大家参考。
这个充电宝的尺寸很差，和图片上的完全不一样。。,0,负面,23,这个充电宝的尺寸很差，和图片上的完全不一样。。
耳机材质很差，根本不值这个价。,0,负面,15,耳机材质很差，根本不值这个价。
手机物流很棒，价格也合理，好评。,1,正面,16,手机物流很棒，价格也合理，好评。
这个鞋子的材质真的不行，不如实体店买。,0,负面,19,这个鞋子的材质真的不行，不如实体店买。
收到充电宝了，材质很差，申请退货中。,0,负面,18,收到充电宝了，材质很差，申请退货中。
这个价钱买到这么好的台灯，颜色还这么好，太值了。,1,正面,24,这个价钱买到这么好的台灯，颜色还这么好，太值了。
给家人买的台灯，他们说外观很好。，不推荐！,1,正面,21,给家人买的台灯，他们说外观很好。，不推荐！
第二次回购了，书包的价格一如既往的好。,1,正面,19,第二次回购了，书包的价格一如既往的好。
对比了好几家才选的这家，手表的材质确实好。,1,正面,21,对比了好几家才选的这家，手表的材质确实好。
买回来用了几天，手机的包装确实好。,1,正面,17,买回来用了几天，手机的包装确实好。
这个水杯的做工很差，和图片上的完全不一样。,0,负面,21,这个水杯的做工很差，和图片上的完全不一样。
这个书包的价格真的不行，不如实体店买。,0,负面,19,这个书包的价格真的不行，不如实体店买。
电脑的功能太差了，非常后悔。，推荐！,0,负面,18,电脑的功能太差了，非常后悔。，推荐！
买回来用了几天，鞋子的包装确实好。，推荐！,1,正面,21,买回来用了几天，鞋子的包装确实好。，推荐！
被图片骗了，实际耳机的材质很差，不值这个价。！,0,负面,23,被图片骗了，实际耳机的材质很差，不值这个价。！
对比了好几家才选的这家，台灯的物流确实好。,1,正面,21,对比了好几家才选的这家，台灯的物流确实好。
客服态度差，手表的质量也有问题，体验很差。,0,负面,21,客服态度差，手表的质量也有问题，体验很差。
手机价格很差，根本不值这个价。,0,负面,15,手机价格很差，根本不值这个价。
衣服价格很棒，价格也合理，好评。！建议大家参考。,1,正面,24,衣服价格很棒，价格也合理，好评。！建议大家参考。
买回来用了几天，衣服的价格确实好。。,1,正面,18,买回来用了几天，衣服的价格确实好。。
这个电脑的物流很差，和图片上的完全不一样。,0,负面,21,这个电脑的物流很差，和图片上的完全不一样。
台灯功能很差，根本不值这个价。，不推荐！,0,负面,20,台灯功能很差，根本不值这个价。，不推荐！
这个台灯的质量超出了我的预期，很惊喜。，推荐！,1,正面,23,这个台灯的质量超出了我的预期，很惊喜。，推荐！
鞋子的做工超出预期，值得购买。，推荐！,1,正面,19,鞋子的做工超出预期，值得购买。，推荐！
手机的物流真的是太差了，一次糟糕的购物体验。,0,负面,22,手机的物流真的是太差了，一次糟糕的购物体验。
这个水杯的包装不行，建议大家别买。！,0,负面,18,这个水杯的包装不行，建议大家别买。！
第二次回购了，鞋子的做工一如既往的好。,1,正面,19,第二次回购了，鞋子的做工一如既往的好。
耳机包装很棒，价格也合理，好评。,1,正面,16,耳机包装很棒，价格也合理，好评。
衣服的质量很好，做工精细，很喜欢。,1,正面,17,衣服的质量很好，做工精细，很喜欢。
买回来用了几天，手机的做工确实好。,1,正面,17,买回来用了几天，手机的做工确实好。
手表的外观超出预期，值得购买。,1,正面,15,手表的外观超出预期，值得购买。
太坑了，电脑的功能和描述完全不一样。,0,负面,18,太坑了，电脑的功能和描述完全不一样。
耳机做工很好，很满意！,1,正面,11,耳机做工很好，很满意！
第二次回购了，手表的客服一如既往的好。，不推荐！,1,正面,24,第二次回购了，手表的客服一如既往的好。，不推荐！
给家人买的耳机，他们说物流很好。！建议大家参考。,1,正面,24,给家人买的耳机，他们说物流很好。！建议大家参考。
这个手表的功能很差，和图片上的完全不一样。,0,负面,21,这个手表的功能很差，和图片上的完全不一样。
这个书包的物流超出了我的预期，很惊喜。,1,正面,19,这个书包的物流超出了我的预期，很惊喜。
充电宝的功能真的是太差了，一次糟糕的购物体验。！,0,负面,24,充电宝的功能真的是太差了，一次糟糕的购物体验。！
充电宝的物流很好，物流也快，五星好评。！,1,正面,20,充电宝的物流很好，物流也快，五星好评。！
再也不在这家买了，手表的尺寸太让人失望了。,0,负面,21,再也不在这家买了，手表的尺寸太让人失望了。
这个充电宝的尺寸很差，和图片上的完全不一样。,0,负面,22,这个充电宝的尺寸很差，和图片上的完全不一样。
对比了好几家才选的这家，鞋子的质量确实好。,1,正面,21,对比了好几家才选的这家，鞋子的质量确实好。
用了没几天电脑的物流就出问题了，差评。，推荐！,0,负面,23,用了没几天电脑的物流就出问题了，差评。，推荐！
好评！耳机的材质很好，客服态度也好。。,1,正面,19,好评！耳机的材质很好，客服态度也好。。
这个书包的颜色不行，建议大家别买。,0,负面,17,这个书包的颜色不行，建议大家别买。
买回来用了几天，手机的质量确实好。，不推荐！,1,正面,22,买回来用了几天，手机的质量确实好。，不推荐！
手机的客服太差了，非常后悔。,0,负面,14,手机的客服太差了，非常后悔。
衣服的外观很好，物流也快，五星好评。！,1,正面,19,衣服的外观很好，物流也快，五星好评。！
这个电脑的客服不行，建议大家别买。！,0,负面,18,这个电脑的客服不行，建议大家别买。！
被图片骗了，实际衣服的功能很差，不值这个价。,0,负面,22,被图片骗了，实际衣服的功能很差，不值这个价。
好评！衣服的价格很好，客服态度也好。！,1,正面,19,好评！衣服的价格很好，客服态度也好。！
好评！充电宝的价格很好，客服态度也好。。,1,正面,20,好评！充电宝的价格很好，客服态度也好。。
用了没几天电脑的客服就出问题了，差评。,0,负面,19,用了没几天电脑的客服就出问题了，差评。
被图片骗了，实际书包的做工很差，不值这个价。！,0,负面,23,被图片骗了，实际书包的做工很差，不值这个价。！
这个手表的客服超出了我的预期，很惊喜。,1,正面,19,这个手表的客服超出了我的预期，很惊喜。
再也不在这家买了，充电宝的包装太让人失望了。,0,负面,22,再也不在这家买了，充电宝的包装太让人失望了。
水杯的功能很好，物流也快，五星好评。,1,正面,18,水杯的功能很好，物流也快，五星好评。
给家人买的水杯，他们说包装很好。,1,正面,16,给家人买的水杯，他们说包装很好。
电脑质量很差，根本不值这个价。,0,负面,15,电脑质量很差，根本不值这个价。
这个耳机的做工不错，推荐给大家。，推荐！,1,正面,20,这个耳机的做工不错，推荐给大家。，推荐！
用了没几天水杯的尺寸就出问题了，差评。！,0,负面,20,用了没几天水杯的尺寸就出问题了，差评。！
退货了，书包的做工完全不能用，浪费时间。。,0,负面,21,退货了，书包的做工完全不能用，浪费时间。。
收到书包了，外观比想象中好，颜色也好看。！建议大家参考。,1,正面,28,收到书包了，外观比想象中好，颜色也好看。！建议大家参考。
手表价格很好，很满意！,1,正面,11,手表价格很好，很满意！
鞋子的外观很好，物流也快，五星好评。,1,正面,18,鞋子的外观很好，物流也快，五星好评。
衣服的尺寸太差了，非常后悔。,0,负面,14,衣服的尺寸太差了，非常后悔。
这个书包的物流不行，建议大家别买。,0,负面,17,这个书包的物流不行，建议大家别买。
电脑质量很棒，价格也合理，好评。，不推荐！,1,正面,21,电脑质量很棒，价格也合理，好评。，不推荐！
退货了，手表的颜色完全不能用，浪费时间。,0,负面,20,退货了，手表的颜色完全不能用，浪费时间。
对比了好几家才选的这家，电脑的价格确实好。，推荐！,1,正面,25,对比了好几家才选的这家，电脑的价格确实好。，推荐！
收到台灯了，包装很差，申请退货中。,0,负面,17,收到台灯了，包装很差，申请退货中。
用了没几天衣服的物流就出问题了，差评。，不推荐！,0,负面,24,用了没几天衣服的物流就出问题了，差评。，不推荐！
充电宝的颜色很好，物流也快，五星好评。,1,正面,19,充电宝的颜色很好，物流也快，五星好评。
书包的材质很好，物流也快，五星好评。,1,正面,18,书包的材质很好，物流也快，五星好评。
被图片骗了，实际手机的功能很差，不值这个价。，推荐！,0,负面,26,被图片骗了，实际手机的功能很差，不值这个价。，推荐！
手表的客服很好，物流也快，五星好评。，推荐！,1,正面,22,手表的客服很好，物流也快，五星好评。，推荐！
买回来就发现电脑的尺寸有问题，很失望。,0,负面,19,买回来就发现电脑的尺寸有问题，很失望。
买回来就发现水杯的客服有问题，很失望。,0,负面,19,买回来就发现水杯的客服有问题，很失望。
第二次回购了，水杯的外观一如既往的好。,1,正面,19,第二次回购了，水杯的外观一如既往的好。
这个手表的包装不行，建议大家别买。,0,负面,17,这个手表的包装不行，建议大家别买。
台灯做工很差，根本不值这个价。,0,负面,15,台灯做工很差，根本不值这个价。
衣服的材质很好，做工精细，很喜欢。,1,正面,17,衣服的材质很好，做工精细，很喜欢。
对比了好几家才选的这家，台灯的功能确实好。,1,正面,21,对比了好几家才选的这家，台灯的功能确实好。
客服态度差，衣服的颜色也有问题，体验很差。！建议大家参考。,0,负面,29,客服态度差，衣服的颜色也有问题，体验很差。！建议大家参考。
充电宝的功能真的是太差了，一次糟糕的购物体验。,0,负面,23,充电宝的功能真的是太差了，一次糟糕的购物体验。
买回来用了几天，耳机的包装确实好。,1,正面,17,买回来用了几天，耳机的包装确实好。
收到水杯了，功能很差，申请退货中。,0,负面,17,收到水杯了，功能很差，申请退货中。
手机的功能超出预期，值得购买。，推荐！,1,正面,19,手机的功能超出预期，值得购买。，推荐！
充电宝材质很好，很满意！,1,正面,12,充电宝材质很好，很满意！
这个价钱买到这么好的电脑，颜色还这么好，太值了。,1,正面,24,这个价钱买到这么好的电脑，颜色还这么好，太值了。
用了没几天手表的功能就出问题了，差评。！,0,负面,20,用了没几天手表的功能就出问题了，差评。！
收到台灯了，客服很差，申请退货中。,0,负面,17,收到台灯了，客服很差，申请退货中。
书包的做工很好，做工精细，很喜欢。,1,正面,17,书包的做工很好，做工精细，很喜欢。
被图片骗了，实际电脑的尺寸很差，不值这个价。,0,负面,22,被图片骗了，实际电脑的尺寸很差，不值这个价。
这个耳机的包装不行，建议大家别买。！建议大家参考。,0,负面,25,这个耳机的包装不行，建议大家别买。！建议大家参考。
这个耳机的做工很差，和图片上的完全不一样。,0,负面,21,这个耳机的做工很差，和图片上的完全不一样。
这个手表的物流超出了我的预期，很惊喜。,1,正面,19,这个手表的物流超出了我的预期，很惊喜。
买回来用了几天，耳机的材质确实好。,1,正面,17,买回来用了几天，耳机的材质确实好。
给家人买的耳机，他们说做工很好。,1,正面,16,给家人买的耳机，他们说做工很好。
鞋子的质量很好，物流也快，五星好评。,1,正面,18,鞋子的质量很好，物流也快，五星好评。
买回来就发现台灯的包装有问题，很失望。,0,负面,19,买回来就发现台灯的包装有问题，很失望。
客服态度差，台灯的尺寸也有问题，体验很差。！,0,负面,22,客服态度差，台灯的尺寸也有问题，体验很差。！
书包的客服很好，做工精细，很喜欢。，推荐！,1,正面,21,书包的客服很好，做工精细，很喜欢。，推荐！
收到耳机了，质量比想象中好，颜色也好看。，不推荐！,1,正面,25,收到耳机了，质量比想象中好，颜色也好看。，不推荐！
这个价钱买到这么好的充电宝，材质还这么好，太值了。,1,正面,25,这个价钱买到这么好的充电宝，材质还这么好，太值了。
买回来就发现充电宝的功能有问题，很失望。,0,负面,20,买回来就发现充电宝的功能有问题，很失望。
耳机的材质超出预期，值得购买。,1,正面,15,耳机的材质超出预期，值得购买。
这个手表的材质超出了我的预期，很惊喜。,1,正面,19,这个手表的材质超出了我的预期，很惊喜。
物流慢也就算了，耳机的功能还这么差，差评。,0,负面,21,物流慢也就算了，耳机的功能还这么差，差评。
耳机颜色很好，很满意！,1,正面,11,耳机颜色很好，很满意！
这个鞋子的质量不错，推荐给大家。,1,正面,16,这个鞋子的质量不错，推荐给大家。
耳机颜色很差，根本不值这个价。。,0,负面,16,耳机颜色很差，根本不值这个价。。
这个耳机的颜色超出了我的预期，很惊喜。,1,正面,19,这个耳机的颜色超出了我的预期，很惊喜。
这个书包的价格超出了我的预期，很惊喜。，推荐！,1,正面,23,这个书包的价格超出了我的预期，很惊喜。，推荐！
给家人买的水杯，他们说做工很好。,1,正面,16,给家人买的水杯，他们说做工很好。
收到鞋子了，功能比想象中好，颜色也好看。！,1,正面,21,收到鞋子了，功能比想象中好，颜色也好看。！
衣服质量很棒，价格也合理，好评。，推荐！,1,正面,20,衣服质量很棒，价格也合理，好评。，推荐！
买回来就发现书包的做工有问题，很失望。！,0,负面,20,买回来就发现书包的做工有问题，很失望。！
第二次回购了，鞋子的颜色一如既往的好。,1,正面,19,第二次回购了，鞋子的颜色一如既往的好。
给家人买的台灯，他们说质量很好。,1,正面,16,给家人买的台灯，他们说质量很好。
客服态度差，台灯的颜色也有问题，体验很差。。,0,负面,22,客服态度差，台灯的颜色也有问题，体验很差。。
买回来就发现鞋子的功能有问题，很失望。,0,负面,19,买回来就发现鞋子的功能有问题，很失望。
台灯的物流很好，物流也快，五星好评。,1,正面,18,台灯的物流很好，物流也快，五星好评。
这个价钱买到这么好的手表，颜色还这么好，太值了。！,1,正面,25,这个价钱买到这么好的手表，颜色还这么好，太值了。！
物流慢也就算了，鞋子的材质还这么差，差评。，推荐！,0,负面,25,物流慢也就算了，鞋子的材质还这么差，差评。，推荐！
退货了，充电宝的功能完全不能用，浪费时间。！,0,负面,22,退货了，充电宝的功能完全不能用，浪费时间。！
第二次回购了，电脑的做工一如既往的好。,1,正面,19,第二次回购了，电脑的做工一如既往的好。
给家人买的手机，他们说客服很好。！,1,正面,17,给家人买的手机，他们说客服很好。！
性价比很高的书包，颜色没让我失望。，不推荐！,1,正面,22,性价比很高的书包，颜色没让我失望。，不推荐！
再也不在这家买了，水杯的价格太让人失望了。！,0,负面,22,再也不在这家买了，水杯的价格太让人失望了。！
被图片骗了，实际手表的包装很差，不值这个价。,0,负面,22,被图片骗了，实际手表的包装很差，不值这个价。
给家人买的书包，他们说功能很好。，推荐！,1,正面,20,给家人买的书包，他们说功能很好。，推荐！
性价比很高的台灯，客服没让我失望。,1,正面,17,性价比很高的台灯，客服没让我失望。
客服态度差，书包的质量也有问题，体验很差。，推荐！,0,负面,25,客服态度差，书包的质量也有问题，体验很差。，推荐！
水杯的材质很好，做工精细，很喜欢。！建议大家参考。,1,正面,25,水杯的材质很好，做工精细，很喜欢。！建议大家参考。
这个价钱买到这么好的水杯，外观还这么好，太值了。,1,正面,24,这个价钱买到这么好的水杯，外观还这么好，太值了。
买回来就发现衣服的客服有问题，很失望。,0,负面,19,买回来就发现衣服的客服有问题，很失望。
给家人买的充电宝，他们说客服很好。，不推荐！,1,正面,22,给家人买的充电宝，他们说客服很好。，不推荐！
被图片骗了，实际手机的材质很差，不值这个价。！,0,负面,23,被图片骗了，实际手机的材质很差，不值这个价。！
给家人买的耳机，他们说价格很好。,1,正面,16,给家人买的耳机，他们说价格很好。
这个鞋子的颜色超出了我的预期，很惊喜。,1,正面,19,这个鞋子的颜色超出了我的预期，很惊喜。
这个水杯的功能超出了我的预期，很惊喜。，不推荐！,1,正面,24,这个水杯的功能超出了我的预期，很惊喜。，不推荐！
这个水杯的材质真的不行，不如实体店买。,0,负面,19,这个水杯的材质真的不行，不如实体店买。
台灯客服很好，很满意！，不推荐！,1,正面,16,台灯客服很好，很满意！，不推荐！
被图片骗了，实际书包的材质很差，不值这个价。,0,负面,22,被图片骗了，实际书包的材质很差，不值这个价。
这个鞋子的质量超出了我的预期，很惊喜。，推荐！,1,正面,23,这个鞋子的质量超出了我的预期，很惊喜。，推荐！
再也不在这家买了，电脑的客服太让人失望了。，推荐！,0,负面,25,再也不在这家买了，电脑的客服太让人失望了。，推荐！
这个手表的外观超出了我的预期，很惊喜。,1,正面,19,这个手表的外观超出了我的预期，很惊喜。
太坑了，充电宝的客服和描述完全不一样。,0,负面,19,太坑了，充电宝的客服和描述完全不一样。
太坑了，手机的客服和描述完全不一样。,0,负面,18,太坑了，手机的客服和描述完全不一样。
收到充电宝了，材质很差，申请退货中。。,0,负面,19,收到充电宝了，材质很差，申请退货中。。
这个价钱买到这么好的鞋子，外观还这么好，太值了。,1,正面,24,这个价钱买到这么好的鞋子，外观还这么好，太值了。
这个书包的包装不错，推荐给大家。,1,正面,16,这个书包的包装不错，推荐给大家。
充电宝的颜色超出预期，值得购买。！,1,正面,17,充电宝的颜色超出预期，值得购买。！
对比了好几家才选的这家，耳机的做工确实好。，推荐！,1,正面,25,对比了好几家才选的这家，耳机的做工确实好。，推荐！
太坑了，手机的材质和描述完全不一样。！建议大家参考。,0,负面,26,太坑了，手机的材质和描述完全不一样。！建议大家参考。
再也不在这家买了，充电宝的客服太让人失望了。，推荐！,0,负面,26,再也不在这家买了，充电宝的客服太让人失望了。，推荐！
这个价钱买到这么好的鞋子，外观还这么好，太值了。，推荐！,1,正面,28,这个价钱买到这么好的鞋子，外观还这么好，太值了。，推荐！
再也不在这家买了，手机的材质太让人失望了。,0,负面,21,再也不在这家买了，手机的材质太让人失望了。
用了没几天耳机的颜色就出问题了，差评。！,0,负面,20,用了没几天耳机的颜色就出问题了，差评。！
这个手机的包装不行，建议大家别买。,0,负面,17,这个手机的包装不行，建议大家别买。
手机客服很棒，价格也合理，好评。，不推荐！,1,正面,21,手机客服很棒，价格也合理，好评。，不推荐！
手表的功能超出预期，值得购买。,1,正面,15,手表的功能超出预期，值得购买。
好评！手机的颜色很好，客服态度也好。,1,正面,18,好评！手机的颜色很好，客服态度也好。
好评！耳机的物流很好，客服态度也好。,1,正面,18,好评！耳机的物流很好，客服态度也好。
衣服颜色很棒，价格也合理，好评。,1,正面,16,衣服颜色很棒，价格也合理，好评。
再也不在这家买了，鞋子的颜色太让人失望了。,0,负面,21,再也不在这家买了，鞋子的颜色太让人失望了。
书包的质量很好，做工精细，很喜欢。,1,正面,17,书包的质量很好，做工精细，很喜欢。
给家人买的衣服，他们说材质很好。,1,正面,16,给家人买的衣服，他们说材质很好。
充电宝的颜色太差了，非常后悔。，推荐！,0,负面,19,充电宝的颜色太差了，非常后悔。，推荐！
买回来就发现耳机的颜色有问题，很失望。,0,负面,19,买回来就发现耳机的颜色有问题，很失望。
这个鞋子的包装很差，和图片上的完全不一样。,0,负面,21,这个鞋子的包装很差，和图片上的完全不一样。
书包的价格超出预期，值得购买。,1,正面,15,书包的价格超出预期，值得购买。
收到电脑了，客服比想象中好，颜色也好看。,1,正面,20,收到电脑了，客服比想象中好，颜色也好看。
第二次回购了，手表的客服一如既往的好。,1,正面,19,第二次回购了，手表的客服一如既往的好。
书包的做工太差了，非常后悔。，不推荐！,0,负面,19,书包的做工太差了，非常后悔。，不推荐！
客服态度差，手机的颜色也有问题，体验很差。！,0,负面,22,客服态度差，手机的颜色也有问题，体验很差。！
台灯的功能太差了，非常后悔。,0,负面,14,台灯的功能太差了，非常后悔。
买回来就发现耳机的质量有问题，很失望。,0,负面,19,买回来就发现耳机的质量有问题，很失望。
买回来就发现台灯的功能有问题，很失望。！,0,负面,20,买回来就发现台灯的功能有问题，很失望。！
台灯的客服太差了，非常后悔。！,0,负面,15,台灯的客服太差了，非常后悔。！
鞋子的颜色太差了，非常后悔。,0,负面,14,鞋子的颜色太差了，非常后悔。
退货了，鞋子的尺寸完全不能用，浪费时间。,0,负面,20,退货了，鞋子的尺寸完全不能用，浪费时间。
物流慢也就算了，鞋子的功能还这么差，差评。，推荐！,0,负面,25,物流慢也就算了，鞋子的功能还这么差，差评。，推荐！
用了没几天鞋子的功能就出问题了，差评。,0,负面,19,用了没几天鞋子的功能就出问题了，差评。
收到鞋子了，做工很差，申请退货中。,0,负面,17,收到鞋子了，做工很差，申请退货中。
太坑了，台灯的物流和描述完全不一样。。,0,负面,19,太坑了，台灯的物流和描述完全不一样。。
对比了好几家才选的这家，充电宝的客服确实好。,1,正面,22,对比了好几家才选的这家，充电宝的客服确实好。
这个电脑的物流不行，建议大家别买。,0,负面,17,这个电脑的物流不行，建议大家别买。
鞋子价格很差，根本不值这个价。,0,负面,15,鞋子价格很差，根本不值这个价。
收到手机了，尺寸很差，申请退货中。，推荐！,0,负面,21,收到手机了，尺寸很差，申请退货中。，推荐！
这个手机的物流很差，和图片上的完全不一样。，不推荐！,0,负面,26,这个手机的物流很差，和图片上的完全不一样。，不推荐！
物流慢也就算了，书包的颜色还这么差，差评。,0,负面,21,物流慢也就算了，书包的颜色还这么差，差评。
这个充电宝的质量不错，推荐给大家。！,1,正面,18,这个充电宝的质量不错，推荐给大家。！
水杯客服很差，根本不值这个价。,0,负面,15,水杯客服很差，根本不值这个价。
对比了好几家才选的这家，充电宝的做工确实好。,1,正面,22,对比了好几家才选的这家，充电宝的做工确实好。
这个鞋子的价格不行，建议大家别买。,0,负面,17,这个鞋子的价格不行，建议大家别买。
买回来用了几天，书包的做工确实好。，不推荐！,1,正面,22,买回来用了几天，书包的做工确实好。，不推荐！
收到手机了，价格很差，申请退货中。。,0,负面,18,收到手机了，价格很差，申请退货中。。
这个手表的物流不行，建议大家别买。,0,负面,17,这个手表的物流不行，建议大家别买。
收到耳机了，包装比想象中好，颜色也好看。，推荐！,1,正面,24,收到耳机了，包装比想象中好，颜色也好看。，推荐！
给家人买的台灯，他们说价格很好。，不推荐！,1,正面,21,给家人买的台灯，他们说价格很好。，不推荐！
再也不在这家买了，书包的尺寸太让人失望了。！建议大家参考。,0,负面,29,再也不在这家买了，书包的尺寸太让人失望了。！建议大家参考。
书包的价格超出预期，值得购买。，不推荐！,1,正面,20,书包的价格超出预期，值得购买。，不推荐！
这个鞋子的物流超出了我的预期，很惊喜。！,1,正面,20,这个鞋子的物流超出了我的预期，很惊喜。！
再也不在这家买了，手机的颜色太让人失望了。！建议大家参考。,0,负面,29,再也不在这家买了，手机的颜色太让人失望了。！建议大家参考。
书包价格很棒，价格也合理，好评。。,1,正面,17,书包价格很棒，价格也合理，好评。。
衣服质量很棒，价格也合理，好评。,1,正面,16,衣服质量很棒，价格也合理，好评。
衣服的质量真的是太差了，一次糟糕的购物体验。！建议大家参考。,0,负面,30,衣服的质量真的是太差了，一次糟糕的购物体验。！建议大家参考。
水杯的材质很好，物流也快，五星好评。,1,正面,18,水杯的材质很好，物流也快，五星好评。
退货了，充电宝的尺寸完全不能用，浪费时间。，推荐！,0,负面,25,退货了，充电宝的尺寸完全不能用，浪费时间。，推荐！
第二次回购了，水杯的包装一如既往的好。,1,正面,19,第二次回购了，水杯的包装一如既往的好。
这个充电宝的客服不行，建议大家别买。！,0,负面,19,这个充电宝的客服不行，建议大家别买。！
收到耳机了，价格比想象中好，颜色也好看。,1,正面,20,收到耳机了，价格比想象中好，颜色也好看。
这个价钱买到这么好的衣服，包装还这么好，太值了。,1,正面,24,这个价钱买到这么好的衣服，包装还这么好，太值了。
买回来就发现书包的物流有问题，很失望。,0,负面,19,买回来就发现书包的物流有问题，很失望。
电脑颜色很好，很满意！！建议大家参考。,1,正面,19,电脑颜色很好，很满意！！建议大家参考。
这个价钱买到这么好的手表，价格还这么好，太值了。！建议大家参考。,1,正面,32,这个价钱买到这么好的手表，价格还这么好，太值了。！建议大家参考。
这个价钱买到这么好的手表，客服还这么好，太值了。！建议大家参考。,1,正面,32,这个价钱买到这么好的手表，客服还这么好，太值了。！建议大家参考。
收到衣服了，客服很差，申请退货中。,0,负面,17,收到衣服了，客服很差，申请退货中。
第二次回购了，书包的物流一如既往的好。,1,正面,19,第二次回购了，书包的物流一如既往的好。
给家人买的手表，他们说包装很好。。,1,正面,17,给家人买的手表，他们说包装很好。。
被图片骗了，实际鞋子的材质很差，不值这个价。,0,负面,22,被图片骗了，实际鞋子的材质很差，不值这个价。
给家人买的充电宝，他们说客服很好。。,1,正面,18,给家人买的充电宝，他们说客服很好。。
性价比很高的衣服，做工没让我失望。,1,正面,17,性价比很高的衣服，做工没让我失望。
电脑的包装超出预期，值得购买。,1,正面,15,电脑的包装超出预期，值得购买。
对比了好几家才选的这家，耳机的质量确实好。！建议大家参考。,1,正面,29,对比了好几家才选的这家，耳机的质量确实好。！建议大家参考。
用了没几天充电宝的物流就出问题了，差评。。,0,负面,21,用了没几天充电宝的物流就出问题了，差评。。
第二次回购了，手表的质量一如既往的好。,1,正面,19,第二次回购了，手表的质量一如既往的好。
这个书包的材质很差，和图片上的完全不一样。。,0,负面,22,这个书包的材质很差，和图片上的完全不一样。。
这个电脑的材质很差，和图片上的完全不一样。！,0,负面,22,这个电脑的材质很差，和图片上的完全不一样。！
台灯外观很棒，价格也合理，好评。，不推荐！,1,正面,21,台灯外观很棒，价格也合理，好评。，不推荐！
这个衣服的物流不错，推荐给大家。,1,正面,16,这个衣服的物流不错，推荐给大家。
再也不在这家买了，水杯的包装太让人失望了。,0,负面,21,再也不在这家买了，水杯的包装太让人失望了。
好评！电脑的质量很好，客服态度也好。,1,正面,18,好评！电脑的质量很好，客服态度也好。
这个电脑的做工超出了我的预期，很惊喜。！,1,正面,20,这个电脑的做工超出了我的预期，很惊喜。！
退货了，电脑的颜色完全不能用，浪费时间。,0,负面,20,退货了，电脑的颜色完全不能用，浪费时间。
第二次回购了，衣服的包装一如既往的好。,1,正面,19,第二次回购了，衣服的包装一如既往的好。
电脑的外观很好，物流也快，五星好评。,1,正面,18,电脑的外观很好，物流也快，五星好评。
衣服的做工很好，做工精细，很喜欢。,1,正面,17,衣服的做工很好，做工精细，很喜欢。
这个鞋子的做工很差，和图片上的完全不一样。！,0,负面,22,这个鞋子的做工很差，和图片上的完全不一样。！
性价比很高的电脑，物流没让我失望。,1,正面,17,性价比很高的电脑，物流没让我失望。
被图片骗了，实际衣服的客服很差，不值这个价。,0,负面,22,被图片骗了，实际衣服的客服很差，不值这个价。
手表价格很差，根本不值这个价。。,0,负面,16,手表价格很差，根本不值这个价。。
物流慢也就算了，水杯的功能还这么差，差评。,0,负面,21,物流慢也就算了，水杯的功能还这么差，差评。
好评！耳机的做工很好，客服态度也好。，推荐！,1,正面,22,好评！耳机的做工很好，客服态度也好。，推荐！
给家人买的水杯，他们说客服很好。！,1,正面,17,给家人买的水杯，他们说客服很好。！
这个电脑的包装不错，推荐给大家。,1,正面,16,这个电脑的包装不错，推荐给大家。
这个书包的包装不行，建议大家别买。，推荐！,0,负面,21,这个书包的包装不行，建议大家别买。，推荐！
买回来就发现充电宝的质量有问题，很失望。,0,负面,20,买回来就发现充电宝的质量有问题，很失望。
电脑的颜色真的是太差了，一次糟糕的购物体验。,0,负面,22,电脑的颜色真的是太差了，一次糟糕的购物体验。
物流慢也就算了，手机的做工还这么差，差评。,0,负面,21,物流慢也就算了，手机的做工还这么差，差评。
太坑了，耳机的质量和描述完全不一样。！建议大家参考。,0,负面,26,太坑了，耳机的质量和描述完全不一样。！建议大家参考。
好评！电脑的价格很好，客服态度也好。,1,正面,18,好评！电脑的价格很好，客服态度也好。
性价比很高的手表，价格没让我失望。！,1,正面,18,性价比很高的手表，价格没让我失望。！
太坑了，手表的价格和描述完全不一样。,0,负面,18,太坑了，手表的价格和描述完全不一样。
耳机的质量很好，做工精细，很喜欢。,1,正面,17,耳机的质量很好，做工精细，很喜欢。
给家人买的台灯，他们说价格很好。！,1,正面,17,给家人买的台灯，他们说价格很好。！
太坑了，手机的做工和描述完全不一样。,0,负面,18,太坑了，手机的做工和描述完全不一样。
这个台灯的价格真的不行，不如实体店买。，推荐！,0,负面,23,这个台灯的价格真的不行，不如实体店买。，推荐！
这个书包的功能超出了我的预期，很惊喜。,1,正面,19,这个书包的功能超出了我的预期，很惊喜。
鞋子的价格太差了，非常后悔。。,0,负面,15,鞋子的价格太差了，非常后悔。。
这个鞋子的质量不行，建议大家别买。,0,负面,17,这个鞋子的质量不行，建议大家别买。
被图片骗了，实际手机的做工很差，不值这个价。！,0,负面,23,被图片骗了，实际手机的做工很差，不值这个价。！
性价比很高的手表，物流没让我失望。,1,正面,17,性价比很高的手表，物流没让我失望。
客服态度差，电脑的做工也有问题，体验很差。,0,负面,21,客服态度差，电脑的做工也有问题，体验很差。
耳机的做工太差了，非常后悔。,0,负面,14,耳机的做工太差了，非常后悔。
好评！电脑的外观很好，客服态度也好。,1,正面,18,好评！电脑的外观很好，客服态度也好。
这个手机的外观超出了我的预期，很惊喜。,1,正面,19,这个手机的外观超出了我的预期，很惊喜。
这个手机的材质超出了我的预期，很惊喜。,1,正面,19,这个手机的材质超出了我的预期，很惊喜。
书包的材质超出预期，值得购买。,1,正面,15,书包的材质超出预期，值得购买。
好评！耳机的质量很好，客服态度也好。！,1,正面,19,好评！耳机的质量很好，客服态度也好。！
好评！水杯的做工很好，客服态度也好。，不推荐！,1,正面,23,好评！水杯的做工很好，客服态度也好。，不推荐！
这个价钱买到这么好的台灯，功能还这么好，太值了。。,1,正面,25,这个价钱买到这么好的台灯，功能还这么好，太值了。。
这个价钱买到这么好的衣服，材质还这么好，太值了。,1,正面,24,这个价钱买到这么好的衣服，材质还这么好，太值了。
对比了好几家才选的这家，台灯的外观确实好。！建议大家参考。,1,正面,29,对比了好几家才选的这家，台灯的外观确实好。！建议大家参考。
耳机功能很棒，价格也合理，好评。,1,正面,16,耳机功能很棒，价格也合理，好评。
这个充电宝的物流不错，推荐给大家。,1,正面,17,这个充电宝的物流不错，推荐给大家。
充电宝外观很棒，价格也合理，好评。,1,正面,17,充电宝外观很棒，价格也合理，好评。
用了没几天手机的客服就出问题了，差评。。,0,负面,20,用了没几天手机的客服就出问题了，差评。。
对比了好几家才选的这家，手机的功能确实好。,1,正面,21,对比了好几家才选的这家，手机的功能确实好。
电脑的客服太差了，非常后悔。,0,负面,14,电脑的客服太差了，非常后悔。
这个价钱买到这么好的水杯，价格还这么好，太值了。,1,正面,24,这个价钱买到这么好的水杯，价格还这么好，太值了。
太坑了，手表的包装和描述完全不一样。！建议大家参考。,0,负面,26,太坑了，手表的包装和描述完全不一样。！建议大家参考。
手表的包装很好，做工精细，很喜欢。,1,正面,17,手表的包装很好，做工精细，很喜欢。
这个台灯的颜色不行，建议大家别买。。,0,负面,18,这个台灯的颜色不行，建议大家别买。。
台灯的价格很好，物流也快，五星好评。,1,正面,18,台灯的价格很好，物流也快，五星好评。
退货了，鞋子的价格完全不能用，浪费时间。，不推荐！,0,负面,25,退货了，鞋子的价格完全不能用，浪费时间。，不推荐！
用了没几天台灯的包装就出问题了，差评。。,0,负面,20,用了没几天台灯的包装就出问题了，差评。。
物流慢也就算了，手机的客服还这么差，差评。。,0,负面,22,物流慢也就算了，手机的客服还这么差，差评。。
手表的价格真的是太差了，一次糟糕的购物体验。,0,负面,22,手表的价格真的是太差了，一次糟糕的购物体验。
这个电脑的材质不行，建议大家别买。,0,负面,17,这个电脑的材质不行，建议大家别买。
物流慢也就算了，充电宝的功能还这么差，差评。,0,负面,22,物流慢也就算了，充电宝的功能还这么差，差评。
这个书包的材质不行，建议大家别买。！建议大家参考。,0,负面,25,这个书包的材质不行，建议大家别买。！建议大家参考。
台灯质量很好，很满意！,1,正面,11,台灯质量很好，很满意！
好评！水杯的颜色很好，客服态度也好。！建议大家参考。,1,正面,26,好评！水杯的颜色很好，客服态度也好。！建议大家参考。
电脑的包装真的是太差了，一次糟糕的购物体验。,0,负面,22,电脑的包装真的是太差了，一次糟糕的购物体验。
退货了，衣服的客服完全不能用，浪费时间。！,0,负面,21,退货了，衣服的客服完全不能用，浪费时间。！
这个衣服的物流超出了我的预期，很惊喜。！,1,正面,20,这个衣服的物流超出了我的预期，很惊喜。！
好评！手表的做工很好，客服态度也好。。,1,正面,19,好评！手表的做工很好，客服态度也好。。
收到水杯了，质量比想象中好，颜色也好看。！建议大家参考。,1,正面,28,收到水杯了，质量比想象中好，颜色也好看。！建议大家参考。
这个鞋子的材质不行，建议大家别买。,0,负面,17,这个鞋子的材质不行，建议大家别买。
用了没几天衣服的材质就出问题了，差评。,0,负面,19,用了没几天衣服的材质就出问题了，差评。
买回来用了几天，水杯的客服确实好。！建议大家参考。,1,正面,25,买回来用了几天，水杯的客服确实好。！建议大家参考。
第二次回购了，充电宝的做工一如既往的好。,1,正面,20,第二次回购了，充电宝的做工一如既往的好。
买回来就发现鞋子的价格有问题，很失望。,0,负面,19,买回来就发现鞋子的价格有问题，很失望。
耳机的质量真的是太差了，一次糟糕的购物体验。！建议大家参考。,0,负面,30,耳机的质量真的是太差了，一次糟糕的购物体验。！建议大家参考。
鞋子质量很好，很满意！！建议大家参考。,1,正面,19,鞋子质量很好，很满意！！建议大家参考。
再也不在这家买了，书包的物流太让人失望了。,0,负面,21,再也不在这家买了，书包的物流太让人失望了。
书包的功能很好，做工精细，很喜欢。！建议大家参考。,1,正面,25,书包的功能很好，做工精细，很喜欢。！建议大家参考。
鞋子的材质真的是太差了，一次糟糕的购物体验。,0,负面,22,鞋子的材质真的是太差了，一次糟糕的购物体验。
性价比很高的电脑，质量没让我失望。,1,正面,17,性价比很高的电脑，质量没让我失望。
对比了好几家才选的这家，台灯的质量确实好。！建议大家参考。,1,正面,29,对比了好几家才选的这家，台灯的质量确实好。！建议大家参考。
衣服的质量超出预期，值得购买。,1,正面,15,衣服的质量超出预期，值得购买。
收到水杯了，物流比想象中好，颜色也好看。，推荐！,1,正面,24,收到水杯了，物流比想象中好，颜色也好看。，推荐！
对比了好几家才选的这家，耳机的价格确实好。,1,正面,21,对比了好几家才选的这家，耳机的价格确实好。
好评！水杯的材质很好，客服态度也好。,1,正面,18,好评！水杯的材质很好，客服态度也好。
收到耳机了，质量比想象中好，颜色也好看。！建议大家参考。,1,正面,28,收到耳机了，质量比想象中好，颜色也好看。！建议大家参考。
买回来就发现手机的材质有问题，很失望。，不推荐！,0,负面,24,买回来就发现手机的材质有问题，很失望。，不推荐！
买回来用了几天，鞋子的客服确实好。,1,正面,17,买回来用了几天，鞋子的客服确实好。
被图片骗了，实际耳机的价格很差，不值这个价。,0,负面,22,被图片骗了，实际耳机的价格很差，不值这个价。
买回来用了几天，台灯的物流确实好。，不推荐！,1,正面,22,买回来用了几天，台灯的物流确实好。，不推荐！
这个耳机的做工超出了我的预期，很惊喜。,1,正面,19,这个耳机的做工超出了我的预期，很惊喜。
收到充电宝了，做工比想象中好，颜色也好看。,1,正面,21,收到充电宝了，做工比想象中好，颜色也好看。
这个价钱买到这么好的充电宝，物流还这么好，太值了。，推荐！,1,正面,29,这个价钱买到这么好的充电宝，物流还这么好，太值了。，推荐！
退货了，手机的颜色完全不能用，浪费时间。，不推荐！,0,负面,25,退货了，手机的颜色完全不能用，浪费时间。，不推荐！
退货了，充电宝的客服完全不能用，浪费时间。,0,负面,21,退货了，充电宝的客服完全不能用，浪费时间。
手机的做工超出预期，值得购买。。,1,正面,16,手机的做工超出预期，值得购买。。
手机的外观超出预期，值得购买。,1,正面,15,手机的外观超出预期，值得购买。
手机的做工超出预期，值得购买。！建议大家参考。,1,正面,23,手机的做工超出预期，值得购买。！建议大家参考。
这个手机的做工不行，建议大家别买。,0,负面,17,这个手机的做工不行，建议大家别买。
这个衣服的质量不错，推荐给大家。！建议大家参考。,1,正面,24,这个衣服的质量不错，推荐给大家。！建议大家参考。
客服态度差，手机的材质也有问题，体验很差。,0,负面,21,客服态度差，手机的材质也有问题，体验很差。
这个价钱买到这么好的衣服，质量还这么好，太值了。,1,正面,24,这个价钱买到这么好的衣服，质量还这么好，太值了。
物流慢也就算了，电脑的尺寸还这么差，差评。,0,负面,21,物流慢也就算了，电脑的尺寸还这么差，差评。
物流慢也就算了，台灯的物流还这么差，差评。,0,负面,21,物流慢也就算了，台灯的物流还这么差，差评。
对比了好几家才选的这家，耳机的物流确实好。,1,正面,21,对比了好几家才选的这家，耳机的物流确实好。
这个书包的包装真的不行，不如实体店买。,0,负面,19,这个书包的包装真的不行，不如实体店买。
太坑了，充电宝的材质和描述完全不一样。，推荐！,0,负面,23,太坑了，充电宝的材质和描述完全不一样。，推荐！
退货了，手机的尺寸完全不能用，浪费时间。,0,负面,20,退货了，手机的尺寸完全不能用，浪费时间。
对比了好几家才选的这家，书包的颜色确实好。，推荐！,1,正面,25,对比了好几家才选的这家，书包的颜色确实好。，推荐！
用了没几天鞋子的质量就出问题了，差评。,0,负面,19,用了没几天鞋子的质量就出问题了，差评。
这个充电宝的客服不行，建议大家别买。,0,负面,18,这个充电宝的客服不行，建议大家别买。
这个书包的尺寸不行，建议大家别买。,0,负面,17,这个书包的尺寸不行，建议大家别买。
给家人买的电脑，他们说价格很好。,1,正面,16,给家人买的电脑，他们说价格很好。
被图片骗了，实际台灯的价格很差，不值这个价。,0,负面,22,被图片骗了，实际台灯的价格很差，不值这个价。
这个手表的质量不行，建议大家别买。,0,负面,17,这个手表的质量不行，建议大家别买。
收到台灯了，客服比想象中好，颜色也好看。,1,正面,20,收到台灯了，客服比想象中好，颜色也好看。
再也不在这家买了，台灯的尺寸太让人失望了。,0,负面,21,再也不在这家买了，台灯的尺寸太让人失望了。
买回来就发现充电宝的客服有问题，很失望。,0,负面,20,买回来就发现充电宝的客服有问题，很失望。
衣服材质很好，很满意！,1,正面,11,衣服材质很好，很满意！
用了没几天衣服的质量就出问题了，差评。！,0,负面,20,用了没几天衣服的质量就出问题了，差评。！
这个价钱买到这么好的充电宝，价格还这么好，太值了。,1,正面,25,这个价钱买到这么好的充电宝，价格还这么好，太值了。
鞋子的包装太差了，非常后悔。，推荐！,0,负面,18,鞋子的包装太差了，非常后悔。，推荐！
买回来用了几天，衣服的外观确实好。,1,正面,17,买回来用了几天，衣服的外观确实好。
水杯质量很差，根本不值这个价。！,0,负面,16,水杯质量很差，根本不值这个价。！
水杯的外观很好，物流也快，五星好评。,1,正面,18,水杯的外观很好，物流也快，五星好评。
衣服的尺寸真的是太差了，一次糟糕的购物体验。，推荐！,0,负面,26,衣服的尺寸真的是太差了，一次糟糕的购物体验。，推荐！
这个价钱买到这么好的水杯，质量还这么好，太值了。,1,正面,24,这个价钱买到这么好的水杯，质量还这么好，太值了。
这个耳机的做工真的不行，不如实体店买。，不推荐！,0,负面,24,这个耳机的做工真的不行，不如实体店买。，不推荐！
这个手表的材质不行，建议大家别买。,0,负面,17,这个手表的材质不行，建议大家别买。
收到耳机了，颜色很差，申请退货中。,0,负面,17,收到耳机了，颜色很差，申请退货中。
对比了好几家才选的这家，手表的价格确实好。！,1,正面,22,对比了好几家才选的这家，手表的价格确实好。！
书包的材质很好，物流也快，五星好评。。,1,正面,19,书包的材质很好，物流也快，五星好评。。
电脑的客服真的是太差了，一次糟糕的购物体验。,0,负面,22,电脑的客服真的是太差了，一次糟糕的购物体验。
客服态度差，电脑的价格也有问题，体验很差。，不推荐！,0,负面,26,客服态度差，电脑的价格也有问题，体验很差。，不推荐！
充电宝的做工很好，物流也快，五星好评。，不推荐！,1,正面,24,充电宝的做工很好，物流也快，五星好评。，不推荐！
书包客服很差，根本不值这个价。,0,负面,15,书包客服很差，根本不值这个价。
给家人买的水杯，他们说价格很好。,1,正面,16,给家人买的水杯，他们说价格很好。
这个书包的做工真的不行，不如实体店买。,0,负面,19,这个书包的做工真的不行，不如实体店买。
买回来就发现书包的功能有问题，很失望。，不推荐！,0,负面,24,买回来就发现书包的功能有问题，很失望。，不推荐！
给家人买的台灯，他们说客服很好。！,1,正面,17,给家人买的台灯，他们说客服很好。！
客服态度差，水杯的材质也有问题，体验很差。,0,负面,21,客服态度差，水杯的材质也有问题，体验很差。
给家人买的鞋子，他们说做工很好。,1,正面,16,给家人买的鞋子，他们说做工很好。
退货了，水杯的功能完全不能用，浪费时间。，不推荐！,0,负面,25,退货了，水杯的功能完全不能用，浪费时间。，不推荐！
水杯的做工很好，做工精细，很喜欢。,1,正面,17,水杯的做工很好，做工精细，很喜欢。
书包功能很差，根本不值这个价。,0,负面,15,书包功能很差，根本不值这个价。
太坑了，水杯的颜色和描述完全不一样。！建议大家参考。,0,负面,26,太坑了，水杯的颜色和描述完全不一样。！建议大家参考。
退货了，书包的材质完全不能用，浪费时间。,0,负面,20,退货了，书包的材质完全不能用，浪费时间。
客服态度差，耳机的尺寸也有问题，体验很差。,0,负面,21,客服态度差，耳机的尺寸也有问题，体验很差。
衣服颜色很好，很满意！,1,正面,11,衣服颜色很好，很满意！
性价比很高的衣服，价格没让我失望。,1,正面,17,性价比很高的衣服，价格没让我失望。
性价比很高的台灯，外观没让我失望。，不推荐！,1,正面,22,性价比很高的台灯，外观没让我失望。，不推荐！
收到耳机了，包装比想象中好，颜色也好看。！建议大家参考。,1,正面,28,收到耳机了，包装比想象中好，颜色也好看。！建议大家参考。
手机做工很差，根本不值这个价。,0,负面,15,手机做工很差，根本不值这个价。
买回来用了几天，鞋子的价格确实好。,1,正面,17,买回来用了几天，鞋子的价格确实好。
这个手机的包装真的不行，不如实体店买。,0,负面,19,这个手机的包装真的不行，不如实体店买。
耳机客服很好，很满意！,1,正面,11,耳机客服很好，很满意！
充电宝材质很差，根本不值这个价。。,0,负面,17,充电宝材质很差，根本不值这个价。。
退货了，耳机的价格完全不能用，浪费时间。！建议大家参考。,0,负面,28,退货了，耳机的价格完全不能用，浪费时间。！建议大家参考。
鞋子质量很差，根本不值这个价。,0,负面,15,鞋子质量很差，根本不值这个价。
好评！书包的颜色很好，客服态度也好。,1,正面,18,好评！书包的颜色很好，客服态度也好。
第二次回购了，衣服的价格一如既往的好。,1,正面,19,第二次回购了，衣服的价格一如既往的好。
这个价钱买到这么好的充电宝，外观还这么好，太值了。,1,正面,25,这个价钱买到这么好的充电宝，外观还这么好，太值了。
这个水杯的尺寸真的不行，不如实体店买。,0,负面,19,这个水杯的尺寸真的不行，不如实体店买。
耳机的功能真的是太差了，一次糟糕的购物体验。。,0,负面,23,耳机的功能真的是太差了，一次糟糕的购物体验。。
这个价钱买到这么好的电脑，材质还这么好，太值了。，推荐！,1,正面,28,这个价钱买到这么好的电脑，材质还这么好，太值了。，推荐！
水杯包装很差，根本不值这个价。,0,负面,15,水杯包装很差，根本不值这个价。
用了没几天衣服的功能就出问题了，差评。,0,负面,19,用了没几天衣服的功能就出问题了，差评。
买回来就发现台灯的物流有问题，很失望。，不推荐！,0,负面,24,买回来就发现台灯的物流有问题，很失望。，不推荐！
给家人买的手机，他们说外观很好。，不推荐！,1,正面,21,给家人买的手机，他们说外观很好。，不推荐！
这个充电宝的材质不错，推荐给大家。,1,正面,17,这个充电宝的材质不错，推荐给大家。
电脑做工很差，根本不值这个价。,0,负面,15,电脑做工很差，根本不值这个价。
用了没几天手表的价格就出问题了，差评。。,0,负面,20,用了没几天手表的价格就出问题了，差评。。
买回来用了几天，台灯的质量确实好。,1,正面,17,买回来用了几天，台灯的质量确实好。
收到水杯了，客服很差，申请退货中。,0,负面,17,收到水杯了，客服很差，申请退货中。
再也不在这家买了，鞋子的客服太让人失望了。,0,负面,21,再也不在这家买了，鞋子的客服太让人失望了。
对比了好几家才选的这家，手表的物流确实好。！建议大家参考。,1,正面,29,对比了好几家才选的这家，手表的物流确实好。！建议大家参考。
再也不在这家买了，衣服的物流太让人失望了。，不推荐！,0,负面,26,再也不在这家买了，衣服的物流太让人失望了。，不推荐！
用了没几天电脑的质量就出问题了，差评。,0,负面,19,用了没几天电脑的质量就出问题了，差评。
太坑了，耳机的功能和描述完全不一样。，不推荐！,0,负面,23,太坑了，耳机的功能和描述完全不一样。，不推荐！
用了没几天衣服的包装就出问题了，差评。，推荐！,0,负面,23,用了没几天衣服的包装就出问题了，差评。，推荐！
这个价钱买到这么好的手表，物流还这么好，太值了。,1,正面,24,这个价钱买到这么好的手表，物流还这么好，太值了。
对比了好几家才选的这家，水杯的做工确实好。！,1,正面,22,对比了好几家才选的这家，水杯的做工确实好。！
第二次回购了，衣服的客服一如既往的好。,1,正面,19,第二次回购了，衣服的客服一如既往的好。
耳机材质很棒，价格也合理，好评。,1,正面,16,耳机材质很棒，价格也合理，好评。
被图片骗了，实际充电宝的包装很差，不值这个价。,0,负面,23,被图片骗了，实际充电宝的包装很差，不值这个价。
被图片骗了，实际充电宝的尺寸很差，不值这个价。,0,负面,23,被图片骗了，实际充电宝的尺寸很差，不值这个价。
性价比很高的书包，做工没让我失望。,1,正面,17,性价比很高的书包，做工没让我失望。
买回来就发现鞋子的客服有问题，很失望。,0,负面,19,买回来就发现鞋子的客服有问题，很失望。
充电宝的包装超出预期，值得购买。,1,正面,16,充电宝的包装超出预期，值得购买。
书包的包装超出预期，值得购买。,1,正面,15,书包的包装超出预期，值得购买。
性价比很高的手机，质量没让我失望。,1,正面,17,性价比很高的手机，质量没让我失望。
收到水杯了，客服比想象中好，颜色也好看。，推荐！,1,正面,24,收到水杯了，客服比想象中好，颜色也好看。，推荐！
性价比很高的电脑，材质没让我失望。。,1,正面,18,性价比很高的电脑，材质没让我失望。。
书包的颜色太差了，非常后悔。,0,负面,14,书包的颜色太差了，非常后悔。
收到水杯了，质量比想象中好，颜色也好看。。,1,正面,21,收到水杯了，质量比想象中好，颜色也好看。。
用了没几天耳机的功能就出问题了，差评。,0,负面,19,用了没几天耳机的功能就出问题了，差评。
太坑了，手表的功能和描述完全不一样。,0,负面,18,太坑了，手表的功能和描述完全不一样。
书包物流很差，根本不值这个价。，不推荐！,0,负面,20,书包物流很差，根本不值这个价。，不推荐！
台灯物流很棒，价格也合理，好评。,1,正面,16,台灯物流很棒，价格也合理，好评。
手机的尺寸太差了，非常后悔。！,0,负面,15,手机的尺寸太差了，非常后悔。！
收到手机了，价格很差，申请退货中。！,0,负面,18,收到手机了，价格很差，申请退货中。！
再也不在这家买了，耳机的功能太让人失望了。。,0,负面,22,再也不在这家买了，耳机的功能太让人失望了。。
这个台灯的物流不错，推荐给大家。，推荐！,1,正面,20,这个台灯的物流不错，推荐给大家。，推荐！
这个耳机的客服很差，和图片上的完全不一样。,0,负面,21,这个耳机的客服很差，和图片上的完全不一样。
退货了，手机的物流完全不能用，浪费时间。。,0,负面,21,退货了，手机的物流完全不能用，浪费时间。。
性价比很高的手机，材质没让我失望。！建议大家参考。,1,正面,25,性价比很高的手机，材质没让我失望。！建议大家参考。
太坑了，手机的包装和描述完全不一样。，不推荐！,0,负面,23,太坑了，手机的包装和描述完全不一样。，不推荐！
太坑了，衣服的功能和描述完全不一样。,0,负面,18,太坑了，衣服的功能和描述完全不一样。
对比了好几家才选的这家，台灯的颜色确实好。,1,正面,21,对比了好几家才选的这家，台灯的颜色确实好。
用了没几天电脑的物流就出问题了，差评。，不推荐！,0,负面,24,用了没几天电脑的物流就出问题了，差评。，不推荐！
买回来用了几天，手机的材质确实好。！建议大家参考。,1,正面,25,买回来用了几天，手机的材质确实好。！建议大家参考。
衣服的价格很好，做工精细，很喜欢。,1,正面,17,衣服的价格很好，做工精细，很喜欢。
买回来用了几天，台灯的物流确实好。,1,正面,17,买回来用了几天，台灯的物流确实好。
手机质量很棒，价格也合理，好评。,1,正面,16,手机质量很棒，价格也合理，好评。
这个水杯的材质不行，建议大家别买。,0,负面,17,这个水杯的材质不行，建议大家别买。
第二次回购了，手表的外观一如既往的好。,1,正面,19,第二次回购了，手表的外观一如既往的好。
退货了，水杯的包装完全不能用，浪费时间。,0,负面,20,退货了，水杯的包装完全不能用，浪费时间。
再也不在这家买了，手机的尺寸太让人失望了。,0,负面,21,再也不在这家买了，手机的尺寸太让人失望了。
用了没几天手机的包装就出问题了，差评。。,0,负面,20,用了没几天手机的包装就出问题了，差评。。
这个手机的质量真的不行，不如实体店买。,0,负面,19,这个手机的质量真的不行，不如实体店买。
书包的包装真的是太差了，一次糟糕的购物体验。,0,负面,22,书包的包装真的是太差了，一次糟糕的购物体验。
手机的做工很好，物流也快，五星好评。,1,正面,18,手机的做工很好，物流也快，五星好评。
买回来就发现水杯的质量有问题，很失望。！建议大家参考。,0,负面,27,买回来就发现水杯的质量有问题，很失望。！建议大家参考。
书包客服很好，很满意！！建议大家参考。,1,正面,19,书包客服很好，很满意！！建议大家参考。
退货了，耳机的物流完全不能用，浪费时间。,0,负面,20,退货了，耳机的物流完全不能用，浪费时间。
书包功能很好，很满意！！,1,正面,12,书包功能很好，很满意！！
买回来就发现充电宝的尺寸有问题，很失望。！建议大家参考。,0,负面,28,买回来就发现充电宝的尺寸有问题，很失望。！建议大家参考。
手表的材质超出预期，值得购买。！建议大家参考。,1,正面,23,手表的材质超出预期，值得购买。！建议大家参考。
台灯客服很好，很满意！,1,正面,11,台灯客服很好，很满意！
这个书包的做工不错，推荐给大家。。,1,正面,17,这个书包的做工不错，推荐给大家。。
再也不在这家买了，电脑的颜色太让人失望了。,0,负面,21,再也不在这家买了，电脑的颜色太让人失望了。
这个电脑的功能超出了我的预期，很惊喜。,1,正面,19,这个电脑的功能超出了我的预期，很惊喜。
买回来就发现水杯的颜色有问题，很失望。,0,负面,19,买回来就发现水杯的颜色有问题，很失望。
退货了，鞋子的物流完全不能用，浪费时间。,0,负面,20,退货了，鞋子的物流完全不能用，浪费时间。
物流慢也就算了，书包的价格还这么差，差评。,0,负面,21,物流慢也就算了，书包的价格还这么差，差评。
衣服的颜色很好，物流也快，五星好评。,1,正面,18,衣服的颜色很好，物流也快，五星好评。
衣服的客服很好，物流也快，五星好评。,1,正面,18,衣服的客服很好，物流也快，五星好评。
给家人买的充电宝，他们说物流很好。！,1,正面,18,给家人买的充电宝，他们说物流很好。！
这个鞋子的物流超出了我的预期，很惊喜。！建议大家参考。,1,正面,27,这个鞋子的物流超出了我的预期，很惊喜。！建议大家参考。
书包做工很差，根本不值这个价。，不推荐！,0,负面,20,书包做工很差，根本不值这个价。，不推荐！
鞋子的做工太差了，非常后悔。,0,负面,14,鞋子的做工太差了，非常后悔。
太坑了，书包的材质和描述完全不一样。！,0,负面,19,太坑了，书包的材质和描述完全不一样。！
用了没几天充电宝的颜色就出问题了，差评。，推荐！,0,负面,24,用了没几天充电宝的颜色就出问题了，差评。，推荐！
好评！耳机的功能很好，客服态度也好。。,1,正面,19,好评！耳机的功能很好，客服态度也好。。
性价比很高的鞋子，颜色没让我失望。，推荐！,1,正面,21,性价比很高的鞋子，颜色没让我失望。，推荐！
物流慢也就算了，水杯的质量还这么差，差评。,0,负面,21,物流慢也就算了，水杯的质量还这么差，差评。
买回来就发现水杯的价格有问题，很失望。,0,负面,19,买回来就发现水杯的价格有问题，很失望。
这个衣服的质量不错，推荐给大家。，不推荐！,1,正面,21,这个衣服的质量不错，推荐给大家。，不推荐！
手机的物流超出预期，值得购买。,1,正面,15,手机的物流超出预期，值得购买。
手机的颜色太差了，非常后悔。，不推荐！,0,负面,19,手机的颜色太差了，非常后悔。，不推荐！
这个充电宝的包装超出了我的预期，很惊喜。,1,正面,20,这个充电宝的包装超出了我的预期，很惊喜。
收到台灯了，功能比想象中好，颜色也好看。,1,正面,20,收到台灯了，功能比想象中好，颜色也好看。
充电宝的外观很好，做工精细，很喜欢。,1,正面,18,充电宝的外观很好，做工精细，很喜欢。
这个价钱买到这么好的手表，质量还这么好，太值了。,1,正面,24,这个价钱买到这么好的手表，质量还这么好，太值了。
给家人买的电脑，他们说质量很好。,1,正面,16,给家人买的电脑，他们说质量很好。
退货了，耳机的功能完全不能用，浪费时间。,0,负面,20,退货了，耳机的功能完全不能用，浪费时间。
这个手表的颜色超出了我的预期，很惊喜。,1,正面,19,这个手表的颜色超出了我的预期，很惊喜。
电脑的尺寸真的是太差了，一次糟糕的购物体验。！建议大家参考。,0,负面,30,电脑的尺寸真的是太差了，一次糟糕的购物体验。！建议大家参考。
手机的材质很好，物流也快，五星好评。,1,正面,18,手机的材质很好，物流也快，五星好评。
性价比很高的手机，价格没让我失望。，推荐！,1,正面,21,性价比很高的手机，价格没让我失望。，推荐！
这个耳机的尺寸很差，和图片上的完全不一样。！建议大家参考。,0,负面,29,这个耳机的尺寸很差，和图片上的完全不一样。！建议大家参考。
收到台灯了，尺寸很差，申请退货中。！,0,负面,18,收到台灯了，尺寸很差，申请退货中。！
性价比很高的书包，颜色没让我失望。,1,正面,17,性价比很高的书包，颜色没让我失望。
收到手表了，客服很差，申请退货中。！建议大家参考。,0,负面,25,收到手表了，客服很差，申请退货中。！建议大家参考。
物流慢也就算了，衣服的颜色还这么差，差评。，推荐！,0,负面,25,物流慢也就算了，衣服的颜色还这么差，差评。，推荐！
客服态度差，台灯的物流也有问题，体验很差。，不推荐！,0,负面,26,客服态度差，台灯的物流也有问题，体验很差。，不推荐！
太坑了，鞋子的包装和描述完全不一样。,0,负面,18,太坑了，鞋子的包装和描述完全不一样。
客服态度差，耳机的功能也有问题，体验很差。,0,负面,21,客服态度差，耳机的功能也有问题，体验很差。
对比了好几家才选的这家，手机的客服确实好。,1,正面,21,对比了好几家才选的这家，手机的客服确实好。
鞋子的价格超出预期，值得购买。。,1,正面,16,鞋子的价格超出预期，值得购买。。
再也不在这家买了，衣服的物流太让人失望了。,0,负面,21,再也不在这家买了，衣服的物流太让人失望了。
这个耳机的颜色不行，建议大家别买。,0,负面,17,这个耳机的颜色不行，建议大家别买。
买回来就发现手机的颜色有问题，很失望。,0,负面,19,买回来就发现手机的颜色有问题，很失望。
这个充电宝的质量超出了我的预期，很惊喜。,1,正面,20,这个充电宝的质量超出了我的预期，很惊喜。
好评！充电宝的客服很好，客服态度也好。,1,正面,19,好评！充电宝的客服很好，客服态度也好。
电脑的价格很好，物流也快，五星好评。，不推荐！,1,正面,23,电脑的价格很好，物流也快，五星好评。，不推荐！
用了没几天电脑的功能就出问题了，差评。,0,负面,19,用了没几天电脑的功能就出问题了，差评。
物流慢也就算了，电脑的颜色还这么差，差评。,0,负面,21,物流慢也就算了，电脑的颜色还这么差，差评。
衣服客服很棒，价格也合理，好评。,1,正面,16,衣服客服很棒，价格也合理，好评。
物流慢也就算了，充电宝的做工还这么差，差评。,0,负面,22,物流慢也就算了，充电宝的做工还这么差，差评。
被图片骗了，实际手机的功能很差，不值这个价。！,0,负面,23,被图片骗了，实际手机的功能很差，不值这个价。！
买回来就发现手机的物流有问题，很失望。。,0,负面,20,买回来就发现手机的物流有问题，很失望。。
收到耳机了，功能很差，申请退货中。,0,负面,17,收到耳机了，功能很差，申请退货中。
用了没几天手表的质量就出问题了，差评。，不推荐！,0,负面,24,用了没几天手表的质量就出问题了，差评。，不推荐！
退货了，台灯的价格完全不能用，浪费时间。。,0,负面,21,退货了，台灯的价格完全不能用，浪费时间。。
这个书包的客服很差，和图片上的完全不一样。,0,负面,21,这个书包的客服很差，和图片上的完全不一样。
书包的包装太差了，非常后悔。！,0,负面,15,书包的包装太差了，非常后悔。！
电脑的外观超出预期，值得购买。，不推荐！,1,正面,20,电脑的外观超出预期，值得购买。，不推荐！
水杯物流很差，根本不值这个价。,0,负面,15,水杯物流很差，根本不值这个价。
第二次回购了，书包的质量一如既往的好。，不推荐！,1,正面,24,第二次回购了，书包的质量一如既往的好。，不推荐！
手表的包装太差了，非常后悔。,0,负面,14,手表的包装太差了，非常后悔。
用了没几天手表的物流就出问题了，差评。！,0,负面,20,用了没几天手表的物流就出问题了，差评。！
给家人买的手机，他们说价格很好。，推荐！,1,正面,20,给家人买的手机，他们说价格很好。，推荐！
这个价钱买到这么好的充电宝，客服还这么好，太值了。,1,正面,25,这个价钱买到这么好的充电宝，客服还这么好，太值了。
对比了好几家才选的这家，书包的包装确实好。！,1,正面,22,对比了好几家才选的这家，书包的包装确实好。！
水杯做工很差，根本不值这个价。,0,负面,15,水杯做工很差，根本不值这个价。
第二次回购了，衣服的物流一如既往的好。,1,正面,19,第二次回购了，衣服的物流一如既往的好。
衣服的功能太差了，非常后悔。,0,负面,14,衣服的功能太差了，非常后悔。
用了没几天水杯的物流就出问题了，差评。,0,负面,19,用了没几天水杯的物流就出问题了，差评。
这个衣服的做工超出了我的预期，很惊喜。！建议大家参考。,1,正面,27,这个衣服的做工超出了我的预期，很惊喜。！建议大家参考。
第二次回购了，充电宝的价格一如既往的好。,1,正面,20,第二次回购了，充电宝的价格一如既往的好。
手表的颜色真的是太差了，一次糟糕的购物体验。。,0,负面,23,手表的颜色真的是太差了，一次糟糕的购物体验。。
收到电脑了，物流很差，申请退货中。,0,负面,17,收到电脑了，物流很差，申请退货中。
好评！电脑的材质很好，客服态度也好。，不推荐！,1,正面,23,好评！电脑的材质很好，客服态度也好。，不推荐！
用了没几天手机的包装就出问题了，差评。！建议大家参考。,0,负面,27,用了没几天手机的包装就出问题了，差评。！建议大家参考。
衣服功能很好，很满意！,1,正面,11,衣服功能很好，很满意！
客服态度差，手表的客服也有问题，体验很差。,0,负面,21,客服态度差，手表的客服也有问题，体验很差。
好评！书包的质量很好，客服态度也好。,1,正面,18,好评！书包的质量很好，客服态度也好。
退货了，衣服的功能完全不能用，浪费时间。，不推荐！,0,负面,25,退货了，衣服的功能完全不能用，浪费时间。，不推荐！
太坑了，手机的价格和描述完全不一样。,0,负面,18,太坑了，手机的价格和描述完全不一样。
用了没几天鞋子的做工就出问题了，差评。,0,负面,19,用了没几天鞋子的做工就出问题了，差评。
对比了好几家才选的这家，电脑的质量确实好。,1,正面,21,对比了好几家才选的这家，电脑的质量确实好。
再也不在这家买了，充电宝的客服太让人失望了。，不推荐！,0,负面,27,再也不在这家买了，充电宝的客服太让人失望了。，不推荐！
被图片骗了，实际耳机的质量很差，不值这个价。,0,负面,22,被图片骗了，实际耳机的质量很差，不值这个价。
这个鞋子的价格超出了我的预期，很惊喜。,1,正面,19,这个鞋子的价格超出了我的预期，很惊喜。
用了没几天手表的包装就出问题了，差评。。,0,负面,20,用了没几天手表的包装就出问题了，差评。。
好评！台灯的做工很好，客服态度也好。！,1,正面,19,好评！台灯的做工很好，客服态度也好。！
收到电脑了，功能比想象中好，颜色也好看。,1,正面,20,收到电脑了，功能比想象中好，颜色也好看。
第二次回购了，衣服的功能一如既往的好。,1,正面,19,第二次回购了，衣服的功能一如既往的好。
这个电脑的质量很差，和图片上的完全不一样。,0,负面,21,这个电脑的质量很差，和图片上的完全不一样。
收到手机了，物流很差，申请退货中。，推荐！,0,负面,21,收到手机了，物流很差，申请退货中。，推荐！
退货了，鞋子的功能完全不能用，浪费时间。,0,负面,20,退货了，鞋子的功能完全不能用，浪费时间。
再也不在这家买了，手表的物流太让人失望了。,0,负面,21,再也不在这家买了，手表的物流太让人失望了。
再也不在这家买了，衣服的价格太让人失望了。！建议大家参考。,0,负面,29,再也不在这家买了，衣服的价格太让人失望了。！建议大家参考。
退货了，鞋子的包装完全不能用，浪费时间。,0,负面,20,退货了，鞋子的包装完全不能用，浪费时间。
衣服的功能很好，物流也快，五星好评。,1,正面,18,衣服的功能很好，物流也快，五星好评。
这个价钱买到这么好的手机，价格还这么好，太值了。,1,正面,24,这个价钱买到这么好的手机，价格还这么好，太值了。
买回来就发现台灯的质量有问题，很失望。。,0,负面,20,买回来就发现台灯的质量有问题，很失望。。
买回来用了几天，手机的外观确实好。，推荐！,1,正面,21,买回来用了几天，手机的外观确实好。，推荐！
收到书包了，颜色很差，申请退货中。，不推荐！,0,负面,22,收到书包了，颜色很差，申请退货中。，不推荐！
手表功能很差，根本不值这个价。,0,负面,15,手表功能很差，根本不值这个价。
充电宝功能很差，根本不值这个价。,0,负面,16,充电宝功能很差，根本不值这个价。
用了没几天鞋子的包装就出问题了，差评。,0,负面,19,用了没几天鞋子的包装就出问题了，差评。
台灯做工很差，根本不值这个价。。,0,负面,16,台灯做工很差，根本不值这个价。。
这个台灯的尺寸不行，建议大家别买。，推荐！,0,负面,21,这个台灯的尺寸不行，建议大家别买。，推荐！
这个鞋子的做工不错，推荐给大家。,1,正面,16,这个鞋子的做工不错，推荐给大家。
书包外观很好，很满意！，推荐！,1,正面,15,书包外观很好，很满意！，推荐！
退货了，手机的质量完全不能用，浪费时间。,0,负面,20,退货了，手机的质量完全不能用，浪费时间。
第二次回购了，电脑的做工一如既往的好。！建议大家参考。,1,正面,27,第二次回购了，电脑的做工一如既往的好。！建议大家参考。
水杯材质很好，很满意！,1,正面,11,水杯材质很好，很满意！
这个台灯的质量超出了我的预期，很惊喜。。,1,正面,20,这个台灯的质量超出了我的预期，很惊喜。。
这个书包的做工不错，推荐给大家。,1,正面,16,这个书包的做工不错，推荐给大家。
给家人买的手表，他们说物流很好。,1,正面,16,给家人买的手表，他们说物流很好。
书包的颜色很好，物流也快，五星好评。！,1,正面,19,书包的颜色很好，物流也快，五星好评。！
好评！衣服的做工很好，客服态度也好。,1,正面,18,好评！衣服的做工很好，客服态度也好。
再也不在这家买了，鞋子的做工太让人失望了。,0,负面,21,再也不在这家买了，鞋子的做工太让人失望了。
这个鞋子的外观超出了我的预期，很惊喜。。,1,正面,20,这个鞋子的外观超出了我的预期，很惊喜。。
好评！台灯的颜色很好，客服态度也好。,1,正面,18,好评！台灯的颜色很好，客服态度也好。
被图片骗了，实际水杯的功能很差，不值这个价。,0,负面,22,被图片骗了，实际水杯的功能很差，不值这个价。
买回来就发现电脑的客服有问题，很失望。,0,负面,19,买回来就发现电脑的客服有问题，很失望。
这个台灯的价格真的不行，不如实体店买。！,0,负面,20,这个台灯的价格真的不行，不如实体店买。！
鞋子的尺寸太差了，非常后悔。,0,负面,14,鞋子的尺寸太差了，非常后悔。
退货了，耳机的客服完全不能用，浪费时间。！,0,负面,21,退货了，耳机的客服完全不能用，浪费时间。！
太坑了，手表的物流和描述完全不一样。！建议大家参考。,0,负面,26,太坑了，手表的物流和描述完全不一样。！建议大家参考。
这个衣服的客服不错，推荐给大家。,1,正面,16,这个衣服的客服不错，推荐给大家。
客服态度差，手机的物流也有问题，体验很差。,0,负面,21,客服态度差，手机的物流也有问题，体验很差。
书包做工很差，根本不值这个价。,0,负面,15,书包做工很差，根本不值这个价。
客服态度差，电脑的价格也有问题，体验很差。，推荐！,0,负面,25,客服态度差，电脑的价格也有问题，体验很差。，推荐！
手机的质量很好，做工精细，很喜欢。,1,正面,17,手机的质量很好，做工精细，很喜欢。
退货了，书包的尺寸完全不能用，浪费时间。,0,负面,20,退货了，书包的尺寸完全不能用，浪费时间。
买回来用了几天，手表的材质确实好。,1,正面,17,买回来用了几天，手表的材质确实好。
客服态度差，充电宝的材质也有问题，体验很差。,0,负面,22,客服态度差，充电宝的材质也有问题，体验很差。
性价比很高的衣服，颜色没让我失望。,1,正面,17,性价比很高的衣服，颜色没让我失望。
第二次回购了，手表的客服一如既往的好。，推荐！,1,正面,23,第二次回购了，手表的客服一如既往的好。，推荐！
这个价钱买到这么好的电脑，质量还这么好，太值了。,1,正面,24,这个价钱买到这么好的电脑，质量还这么好，太值了。
买回来就发现电脑的质量有问题，很失望。,0,负面,19,买回来就发现电脑的质量有问题，很失望。
充电宝的包装太差了，非常后悔。,0,负面,15,充电宝的包装太差了，非常后悔。
收到鞋子了，包装比想象中好，颜色也好看。,1,正面,20,收到鞋子了，包装比想象中好，颜色也好看。
耳机的价格很好，做工精细，很喜欢。，推荐！,1,正面,21,耳机的价格很好，做工精细，很喜欢。，推荐！
这个手表的价格真的不行，不如实体店买。。,0,负面,20,这个手表的价格真的不行，不如实体店买。。
第二次回购了，手机的做工一如既往的好。,1,正面,19,第二次回购了，手机的做工一如既往的好。
这个水杯的功能不错，推荐给大家。！,1,正面,17,这个水杯的功能不错，推荐给大家。！
充电宝尺寸很差，根本不值这个价。，推荐！,0,负面,20,充电宝尺寸很差，根本不值这个价。，推荐！
收到鞋子了，做工比想象中好，颜色也好看。,1,正面,20,收到鞋子了，做工比想象中好，颜色也好看。
买回来就发现手机的物流有问题，很失望。,0,负面,19,买回来就发现手机的物流有问题，很失望。
电脑的材质很好，做工精细，很喜欢。，推荐！,1,正面,21,电脑的材质很好，做工精细，很喜欢。，推荐！
物流慢也就算了，台灯的客服还这么差，差评。,0,负面,21,物流慢也就算了，台灯的客服还这么差，差评。
客服态度差，鞋子的功能也有问题，体验很差。,0,负面,21,客服态度差，鞋子的功能也有问题，体验很差。
充电宝做工很棒，价格也合理，好评。！建议大家参考。,1,正面,25,充电宝做工很棒，价格也合理，好评。！建议大家参考。
这个衣服的材质超出了我的预期，很惊喜。,1,正面,19,这个衣服的材质超出了我的预期，很惊喜。
这个充电宝的价格不行，建议大家别买。！,0,负面,19,这个充电宝的价格不行，建议大家别买。！
这个耳机的客服超出了我的预期，很惊喜。,1,正面,19,这个耳机的客服超出了我的预期，很惊喜。
性价比很高的耳机，功能没让我失望。，推荐！,1,正面,21,性价比很高的耳机，功能没让我失望。，推荐！
水杯的材质真的是太差了，一次糟糕的购物体验。,0,负面,22,水杯的材质真的是太差了，一次糟糕的购物体验。
水杯的物流很好，物流也快，五星好评。！,1,正面,19,水杯的物流很好，物流也快，五星好评。！
台灯的功能真的是太差了，一次糟糕的购物体验。,0,负面,22,台灯的功能真的是太差了，一次糟糕的购物体验。
客服态度差，电脑的包装也有问题，体验很差。,0,负面,21,客服态度差，电脑的包装也有问题，体验很差。
充电宝的材质很好，物流也快，五星好评。，不推荐！,1,正面,24,充电宝的材质很好，物流也快，五星好评。，不推荐！
鞋子质量很棒，价格也合理，好评。,1,正面,16,鞋子质量很棒，价格也合理，好评。
好评！水杯的物流很好，客服态度也好。！,1,正面,19,好评！水杯的物流很好，客服态度也好。！
被图片骗了，实际手机的质量很差，不值这个价。，推荐！,0,负面,26,被图片骗了，实际手机的质量很差，不值这个价。，推荐！
这个衣服的做工真的不行，不如实体店买。,0,负面,19,这个衣服的做工真的不行，不如实体店买。
台灯的质量超出预期，值得购买。！,1,正面,16,台灯的质量超出预期，值得购买。！
手机的颜色真的是太差了，一次糟糕的购物体验。,0,负面,22,手机的颜色真的是太差了，一次糟糕的购物体验。
衣服的材质很好，做工精细，很喜欢。。,1,正面,18,衣服的材质很好，做工精细，很喜欢。。
水杯功能很棒，价格也合理，好评。！建议大家参考。,1,正面,24,水杯功能很棒，价格也合理，好评。！建议大家参考。
买回来用了几天，手表的材质确实好。！,1,正面,18,买回来用了几天，手表的材质确实好。！
用了没几天衣服的质量就出问题了，差评。。,0,负面,20,用了没几天衣服的质量就出问题了，差评。。
被图片骗了，实际书包的做工很差，不值这个价。,0,负面,22,被图片骗了，实际书包的做工很差，不值这个价。
这个水杯的物流不错，推荐给大家。！建议大家参考。,1,正面,24,这个水杯的物流不错，推荐给大家。！建议大家参考。
耳机的颜色很好，做工精细，很喜欢。,1,正面,17,耳机的颜色很好，做工精细，很喜欢。
耳机的外观超出预期，值得购买。,1,正面,15,耳机的外观超出预期，值得购买。
电脑做工很好，很满意！！,1,正面,12,电脑做工很好，很满意！！
这个耳机的尺寸不行，建议大家别买。,0,负面,17,这个耳机的尺寸不行，建议大家别买。
台灯的材质很好，物流也快，五星好评。,1,正面,18,台灯的材质很好，物流也快，五星好评。
这个水杯的做工不错，推荐给大家。,1,正面,16,这个水杯的做工不错，推荐给大家。
对比了好几家才选的这家，鞋子的功能确实好。,1,正面,21,对比了好几家才选的这家，鞋子的功能确实好。
给家人买的手机，他们说包装很好。,1,正面,16,给家人买的手机，他们说包装很好。
这个价钱买到这么好的衣服，物流还这么好，太值了。,1,正面,24,这个价钱买到这么好的衣服，物流还这么好，太值了。
买回来就发现手机的客服有问题，很失望。,0,负面,19,买回来就发现手机的客服有问题，很失望。
这个价钱买到这么好的书包，功能还这么好，太值了。,1,正面,24,这个价钱买到这么好的书包，功能还这么好，太值了。
买回来用了几天，耳机的客服确实好。！建议大家参考。,1,正面,25,买回来用了几天，耳机的客服确实好。！建议大家参考。
再也不在这家买了，充电宝的材质太让人失望了。，推荐！,0,负面,26,再也不在这家买了，充电宝的材质太让人失望了。，推荐！
用了没几天手机的尺寸就出问题了，差评。，推荐！,0,负面,23,用了没几天手机的尺寸就出问题了，差评。，推荐！
耳机的价格很好，物流也快，五星好评。,1,正面,18,耳机的价格很好，物流也快，五星好评。
用了没几天台灯的质量就出问题了，差评。,0,负面,19,用了没几天台灯的质量就出问题了，差评。
买回来用了几天，水杯的价格确实好。,1,正面,17,买回来用了几天，水杯的价格确实好。
第二次回购了，水杯的质量一如既往的好。,1,正面,19,第二次回购了，水杯的质量一如既往的好。
被图片骗了，实际鞋子的尺寸很差，不值这个价。！,0,负面,23,被图片骗了，实际鞋子的尺寸很差，不值这个价。！
被图片骗了，实际水杯的颜色很差，不值这个价。，推荐！,0,负面,26,被图片骗了，实际水杯的颜色很差，不值这个价。，推荐！
这个充电宝的包装真的不行，不如实体店买。，不推荐！,0,负面,25,这个充电宝的包装真的不行，不如实体店买。，不推荐！
第二次回购了，手机的物流一如既往的好。,1,正面,19,第二次回购了，手机的物流一如既往的好。
买回来就发现耳机的包装有问题，很失望。,0,负面,19,买回来就发现耳机的包装有问题，很失望。
物流慢也就算了，鞋子的做工还这么差，差评。,0,负面,21,物流慢也就算了，鞋子的做工还这么差，差评。
给家人买的充电宝，他们说客服很好。,1,正面,17,给家人买的充电宝，他们说客服很好。
客服态度差，电脑的物流也有问题，体验很差。！,0,负面,22,客服态度差，电脑的物流也有问题，体验很差。！
手机的质量太差了，非常后悔。，推荐！,0,负面,18,手机的质量太差了，非常后悔。，推荐！
买回来就发现充电宝的材质有问题，很失望。,0,负面,20,买回来就发现充电宝的材质有问题，很失望。
这个书包的做工不错，推荐给大家。！建议大家参考。,1,正面,24,这个书包的做工不错，推荐给大家。！建议大家参考。
鞋子质量很好，很满意！,1,正面,11,鞋子质量很好，很满意！
这个充电宝的功能超出了我的预期，很惊喜。。,1,正面,21,这个充电宝的功能超出了我的预期，很惊喜。。
这个电脑的尺寸真的不行，不如实体店买。,0,负面,19,这个电脑的尺寸真的不行，不如实体店买。
再也不在这家买了，手表的价格太让人失望了。，不推荐！,0,负面,26,再也不在这家买了，手表的价格太让人失望了。，不推荐！
手机包装很棒，价格也合理，好评。,1,正面,16,手机包装很棒，价格也合理，好评。
充电宝的质量很好，做工精细，很喜欢。,1,正面,18,充电宝的质量很好，做工精细，很喜欢。
收到手表了，功能比想象中好，颜色也好看。,1,正面,20,收到手表了，功能比想象中好，颜色也好看。
买回来就发现手表的做工有问题，很失望。,0,负面,19,买回来就发现手表的做工有问题，很失望。
给家人买的鞋子，他们说外观很好。！建议大家参考。,1,正面,24,给家人买的鞋子，他们说外观很好。！建议大家参考。
第二次回购了，衣服的外观一如既往的好。,1,正面,19,第二次回购了，衣服的外观一如既往的好。
太坑了，手表的做工和描述完全不一样。，不推荐！,0,负面,23,太坑了，手表的做工和描述完全不一样。，不推荐！
鞋子的做工很好，物流也快，五星好评。,1,正面,18,鞋子的做工很好，物流也快，五星好评。
退货了，台灯的客服完全不能用，浪费时间。！建议大家参考。,0,负面,28,退货了，台灯的客服完全不能用，浪费时间。！建议大家参考。
这个衣服的尺寸真的不行，不如实体店买。,0,负面,19,这个衣服的尺寸真的不行，不如实体店买。
手表材质很好，很满意！，不推荐！,1,正面,16,手表材质很好，很满意！，不推荐！
这个价钱买到这么好的书包，材质还这么好，太值了。,1,正面,24,这个价钱买到这么好的书包，材质还这么好，太值了。
这个水杯的包装不错，推荐给大家。,1,正面,16,这个水杯的包装不错，推荐给大家。
手机的质量很好，物流也快，五星好评。，推荐！,1,正面,22,手机的质量很好，物流也快，五星好评。，推荐！
台灯的颜色太差了，非常后悔。。,0,负面,15,台灯的颜色太差了，非常后悔。。
对比了好几家才选的这家，鞋子的物流确实好。！建议大家参考。,1,正面,29,对比了好几家才选的这家，鞋子的物流确实好。！建议大家参考。
再也不在这家买了，书包的颜色太让人失望了。！,0,负面,22,再也不在这家买了，书包的颜色太让人失望了。！
好评！衣服的包装很好，客服态度也好。。,1,正面,19,好评！衣服的包装很好，客服态度也好。。
性价比很高的鞋子，颜色没让我失望。,1,正面,17,性价比很高的鞋子，颜色没让我失望。
手表材质很好，很满意！，推荐！,1,正面,15,手表材质很好，很满意！，推荐！
鞋子的功能很好，物流也快，五星好评。！,1,正面,19,鞋子的功能很好，物流也快，五星好评。！
这个手机的外观不错，推荐给大家。，不推荐！,1,正面,21,这个手机的外观不错，推荐给大家。，不推荐！
物流慢也就算了，水杯的物流还这么差，差评。,0,负面,21,物流慢也就算了，水杯的物流还这么差，差评。
充电宝颜色很差，根本不值这个价。,0,负面,16,充电宝颜色很差，根本不值这个价。
被图片骗了，实际鞋子的做工很差，不值这个价。,0,负面,22,被图片骗了，实际鞋子的做工很差，不值这个价。
手机包装很差，根本不值这个价。,0,负面,15,手机包装很差，根本不值这个价。
充电宝物流很差，根本不值这个价。，不推荐！,0,负面,21,充电宝物流很差，根本不值这个价。，不推荐！
耳机的包装真的是太差了，一次糟糕的购物体验。,0,负面,22,耳机的包装真的是太差了，一次糟糕的购物体验。
衣服包装很差，根本不值这个价。！建议大家参考。,0,负面,23,衣服包装很差，根本不值这个价。！建议大家参考。
给家人买的电脑，他们说颜色很好。,1,正面,16,给家人买的电脑，他们说颜色很好。
衣服客服很差，根本不值这个价。,0,负面,15,衣服客服很差，根本不值这个价。
买回来用了几天，耳机的质量确实好。。,1,正面,18,买回来用了几天，耳机的质量确实好。。
被图片骗了，实际鞋子的质量很差，不值这个价。,0,负面,22,被图片骗了，实际鞋子的质量很差，不值这个价。
被图片骗了，实际电脑的功能很差，不值这个价。,0,负面,22,被图片骗了，实际电脑的功能很差，不值这个价。
第二次回购了，手机的客服一如既往的好。！,1,正面,20,第二次回购了，手机的客服一如既往的好。！
手表的客服超出预期，值得购买。。,1,正面,16,手表的客服超出预期，值得购买。。
给家人买的电脑，他们说功能很好。,1,正面,16,给家人买的电脑，他们说功能很好。
这个价钱买到这么好的充电宝，客服还这么好，太值了。，不推荐！,1,正面,30,这个价钱买到这么好的充电宝，客服还这么好，太值了。，不推荐！
收到耳机了，客服比想象中好，颜色也好看。,1,正面,20,收到耳机了，客服比想象中好，颜色也好看。
这个水杯的材质不行，建议大家别买。！,0,负面,18,这个水杯的材质不行，建议大家别买。！
书包的客服很好，做工精细，很喜欢。，不推荐！,1,正面,22,书包的客服很好，做工精细，很喜欢。，不推荐！
再也不在这家买了，电脑的做工太让人失望了。,0,负面,21,再也不在这家买了，电脑的做工太让人失望了。
退货了，手表的做工完全不能用，浪费时间。，不推荐！,0,负面,25,退货了，手表的做工完全不能用，浪费时间。，不推荐！
收到水杯了，物流很差，申请退货中。，推荐！,0,负面,21,收到水杯了，物流很差，申请退货中。，推荐！
这个充电宝的价格超出了我的预期，很惊喜。,1,正面,20,这个充电宝的价格超出了我的预期，很惊喜。
电脑的尺寸真的是太差了，一次糟糕的购物体验。,0,负面,22,电脑的尺寸真的是太差了，一次糟糕的购物体验。
买回来用了几天，水杯的颜色确实好。,1,正面,17,买回来用了几天，水杯的颜色确实好。
买回来用了几天，衣服的质量确实好。，推荐！,1,正面,21,买回来用了几天，衣服的质量确实好。，推荐！
好评！手表的做工很好，客服态度也好。,1,正面,18,好评！手表的做工很好，客服态度也好。
手机的价格真的是太差了，一次糟糕的购物体验。,0,负面,22,手机的价格真的是太差了，一次糟糕的购物体验。
手表的颜色真的是太差了，一次糟糕的购物体验。,0,负面,22,手表的颜色真的是太差了，一次糟糕的购物体验。
性价比很高的耳机，颜色没让我失望。,1,正面,17,性价比很高的耳机，颜色没让我失望。
性价比很高的手机，客服没让我失望。，推荐！,1,正面,21,性价比很高的手机，客服没让我失望。，推荐！
这个台灯的包装超出了我的预期，很惊喜。,1,正面,19,这个台灯的包装超出了我的预期，很惊喜。
再也不在这家买了，鞋子的包装太让人失望了。,0,负面,21,再也不在这家买了，鞋子的包装太让人失望了。
这个鞋子的尺寸真的不行，不如实体店买。,0,负面,19,这个鞋子的尺寸真的不行，不如实体店买。
再也不在这家买了，电脑的客服太让人失望了。！建议大家参考。,0,负面,29,再也不在这家买了，电脑的客服太让人失望了。！建议大家参考。
电脑客服很好，很满意！,1,正面,11,电脑客服很好，很满意！
这个耳机的颜色不错，推荐给大家。！,1,正面,17,这个耳机的颜色不错，推荐给大家。！
好评！手机的价格很好，客服态度也好。。,1,正面,19,好评！手机的价格很好，客服态度也好。。
这个水杯的质量不错，推荐给大家。。,1,正面,17,这个水杯的质量不错，推荐给大家。。
这个耳机的质量真的不行，不如实体店买。！建议大家参考。,0,负面,27,这个耳机的质量真的不行，不如实体店买。！建议大家参考。
这个水杯的包装超出了我的预期，很惊喜。,1,正面,19,这个水杯的包装超出了我的预期，很惊喜。
太坑了，鞋子的功能和描述完全不一样。,0,负面,18,太坑了，鞋子的功能和描述完全不一样。
买回来就发现耳机的材质有问题，很失望。！,0,负面,20,买回来就发现耳机的材质有问题，很失望。！
这个价钱买到这么好的手表，做工还这么好，太值了。,1,正面,24,这个价钱买到这么好的手表，做工还这么好，太值了。
收到手机了，物流很差，申请退货中。,0,负面,17,收到手机了，物流很差，申请退货中。
这个价钱买到这么好的电脑，物流还这么好，太值了。,1,正面,24,这个价钱买到这么好的电脑，物流还这么好，太值了。
太坑了，充电宝的颜色和描述完全不一样。！,0,负面,20,太坑了，充电宝的颜色和描述完全不一样。！
鞋子做工很差，根本不值这个价。,0,负面,15,鞋子做工很差，根本不值这个价。
客服态度差，电脑的尺寸也有问题，体验很差。！,0,负面,22,客服态度差，电脑的尺寸也有问题，体验很差。！
台灯的质量太差了，非常后悔。！,0,负面,15,台灯的质量太差了，非常后悔。！
这个衣服的客服超出了我的预期，很惊喜。,1,正面,19,这个衣服的客服超出了我的预期，很惊喜。
买回来就发现水杯的做工有问题，很失望。。,0,负面,20,买回来就发现水杯的做工有问题，很失望。。
再也不在这家买了，水杯的做工太让人失望了。,0,负面,21,再也不在这家买了，水杯的做工太让人失望了。
第二次回购了，水杯的功能一如既往的好。,1,正面,19,第二次回购了，水杯的功能一如既往的好。
这个鞋子的价格不行，建议大家别买。！,0,负面,18,这个鞋子的价格不行，建议大家别买。！
收到台灯了，颜色比想象中好，颜色也好看。,1,正面,20,收到台灯了，颜色比想象中好，颜色也好看。
对比了好几家才选的这家，手机的做工确实好。,1,正面,21,对比了好几家才选的这家，手机的做工确实好。
这个电脑的材质不错，推荐给大家。！建议大家参考。,1,正面,24,这个电脑的材质不错，推荐给大家。！建议大家参考。
第二次回购了，衣服的质量一如既往的好。,1,正面,19,第二次回购了，衣服的质量一如既往的好。
性价比很高的电脑，质量没让我失望。！,1,正面,18,性价比很高的电脑，质量没让我失望。！
这个价钱买到这么好的鞋子，物流还这么好，太值了。,1,正面,24,这个价钱买到这么好的鞋子，物流还这么好，太值了。
买回来用了几天，耳机的材质确实好。！建议大家参考。,1,正面,25,买回来用了几天，耳机的材质确实好。！建议大家参考。
这个耳机的做工不行，建议大家别买。,0,负面,17,这个耳机的做工不行，建议大家别买。
客服态度差，鞋子的客服也有问题，体验很差。。,0,负面,22,客服态度差，鞋子的客服也有问题，体验很差。。
这个手表的材质真的不行，不如实体店买。！,0,负面,20,这个手表的材质真的不行，不如实体店买。！
好评！手表的客服很好，客服态度也好。,1,正面,18,好评！手表的客服很好，客服态度也好。
手表材质很差，根本不值这个价。。,0,负面,16,手表材质很差，根本不值这个价。。
收到耳机了，功能比想象中好，颜色也好看。。,1,正面,21,收到耳机了，功能比想象中好，颜色也好看。。
退货了，耳机的材质完全不能用，浪费时间。,0,负面,20,退货了，耳机的材质完全不能用，浪费时间。
这个书包的物流不行，建议大家别买。，推荐！,0,负面,21,这个书包的物流不行，建议大家别买。，推荐！
这个水杯的价格不错，推荐给大家。,1,正面,16,这个水杯的价格不错，推荐给大家。
充电宝的质量很好，物流也快，五星好评。,1,正面,19,充电宝的质量很好，物流也快，五星好评。
这个鞋子的颜色不错，推荐给大家。,1,正面,16,这个鞋子的颜色不错，推荐给大家。
物流慢也就算了，手表的客服还这么差，差评。,0,负面,21,物流慢也就算了，手表的客服还这么差，差评。
手表的做工真的是太差了，一次糟糕的购物体验。,0,负面,22,手表的做工真的是太差了，一次糟糕的购物体验。
收到衣服了，颜色比想象中好，颜色也好看。，推荐！,1,正面,24,收到衣服了，颜色比想象中好，颜色也好看。，推荐！
好评！手表的物流很好，客服态度也好。,1,正面,18,好评！手表的物流很好，客服态度也好。
这个鞋子的功能不错，推荐给大家。,1,正面,16,这个鞋子的功能不错，推荐给大家。
收到书包了，外观比想象中好，颜色也好看。，推荐！,1,正面,24,收到书包了，外观比想象中好，颜色也好看。，推荐！
这个衣服的做工不错，推荐给大家。，推荐！,1,正面,20,这个衣服的做工不错，推荐给大家。，推荐！
电脑的物流超出预期，值得购买。，推荐！,1,正面,19,电脑的物流超出预期，值得购买。，推荐！
水杯尺寸很差，根本不值这个价。。,0,负面,16,水杯尺寸很差，根本不值这个价。。
这个手表的功能真的不行，不如实体店买。,0,负面,19,这个手表的功能真的不行，不如实体店买。
衣服的质量太差了，非常后悔。,0,负面,14,衣服的质量太差了，非常后悔。
这个价钱买到这么好的耳机，价格还这么好，太值了。,1,正面,24,这个价钱买到这么好的耳机，价格还这么好，太值了。
买回来就发现书包的物流有问题，很失望。，不推荐！,0,负面,24,买回来就发现书包的物流有问题，很失望。，不推荐！
买回来用了几天，鞋子的做工确实好。,1,正面,17,买回来用了几天，鞋子的做工确实好。
给家人买的衣服，他们说客服很好。,1,正面,16,给家人买的衣服，他们说客服很好。
这个电脑的客服不错，推荐给大家。,1,正面,16,这个电脑的客服不错，推荐给大家。
这个耳机的包装不行，建议大家别买。,0,负面,17,这个耳机的包装不行，建议大家别买。
好评！衣服的外观很好，客服态度也好。！,1,正面,19,好评！衣服的外观很好，客服态度也好。！
用了没几天台灯的做工就出问题了，差评。,0,负面,19,用了没几天台灯的做工就出问题了，差评。
这个手机的质量很差，和图片上的完全不一样。,0,负面,21,这个手机的质量很差，和图片上的完全不一样。
手机的做工很好，做工精细，很喜欢。,1,正面,17,手机的做工很好，做工精细，很喜欢。
用了没几天手表的尺寸就出问题了，差评。,0,负面,19,用了没几天手表的尺寸就出问题了，差评。
好评！充电宝的物流很好，客服态度也好。，不推荐！,1,正面,24,好评！充电宝的物流很好，客服态度也好。，不推荐！
衣服的客服太差了，非常后悔。！建议大家参考。,0,负面,22,衣服的客服太差了，非常后悔。！建议大家参考。
收到耳机了，物流比想象中好，颜色也好看。。,1,正面,21,收到耳机了，物流比想象中好，颜色也好看。。
这个价钱买到这么好的耳机，客服还这么好，太值了。,1,正面,24,这个价钱买到这么好的耳机，客服还这么好，太值了。
这个鞋子的价格不错，推荐给大家。,1,正面,16,这个鞋子的价格不错，推荐给大家。
水杯客服很棒，价格也合理，好评。，不推荐！,1,正面,21,水杯客服很棒，价格也合理，好评。，不推荐！
这个价钱买到这么好的手机，做工还这么好，太值了。。,1,正面,25,这个价钱买到这么好的手机，做工还这么好，太值了。。
物流慢也就算了，水杯的物流还这么差，差评。，推荐！,0,负面,25,物流慢也就算了，水杯的物流还这么差，差评。，推荐！
收到衣服了，颜色很差，申请退货中。，不推荐！,0,负面,22,收到衣服了，颜色很差，申请退货中。，不推荐！
充电宝的功能很好，做工精细，很喜欢。,1,正面,18,充电宝的功能很好，做工精细，很喜欢。
水杯做工很差，根本不值这个价。。,0,负面,16,水杯做工很差，根本不值这个价。。
收到手表了，外观比想象中好，颜色也好看。,1,正面,20,收到手表了，外观比想象中好，颜色也好看。
这个水杯的价格不行，建议大家别买。,0,负面,17,这个水杯的价格不行，建议大家别买。
好评！充电宝的质量很好，客服态度也好。,1,正面,19,好评！充电宝的质量很好，客服态度也好。
水杯的客服超出预期，值得购买。，推荐！,1,正面,19,水杯的客服超出预期，值得购买。，推荐！
性价比很高的鞋子，质量没让我失望。，不推荐！,1,正面,22,性价比很高的鞋子，质量没让我失望。，不推荐！
鞋子的物流真的是太差了，一次糟糕的购物体验。,0,负面,22,鞋子的物流真的是太差了，一次糟糕的购物体验。
买回来就发现水杯的功能有问题，很失望。,0,负面,19,买回来就发现水杯的功能有问题，很失望。
买回来就发现鞋子的质量有问题，很失望。,0,负面,19,买回来就发现鞋子的质量有问题，很失望。
衣服的做工真的是太差了，一次糟糕的购物体验。,0,负面,22,衣服的做工真的是太差了，一次糟糕的购物体验。
这个台灯的颜色很差，和图片上的完全不一样。,0,负面,21,这个台灯的颜色很差，和图片上的完全不一样。
退货了，手表的包装完全不能用，浪费时间。！,0,负面,21,退货了，手表的包装完全不能用，浪费时间。！
物流慢也就算了，水杯的包装还这么差，差评。,0,负面,21,物流慢也就算了，水杯的包装还这么差，差评。
收到电脑了，物流很差，申请退货中。！建议大家参考。,0,负面,25,收到电脑了，物流很差，申请退货中。！建议大家参考。
买回来用了几天，鞋子的包装确实好。！,1,正面,18,买回来用了几天，鞋子的包装确实好。！
手机质量很差，根本不值这个价。,0,负面,15,手机质量很差，根本不值这个价。
收到台灯了，做工比想象中好，颜色也好看。,1,正面,20,收到台灯了，做工比想象中好，颜色也好看。
性价比很高的手表，包装没让我失望。,1,正面,17,性价比很高的手表，包装没让我失望。
书包颜色很棒，价格也合理，好评。，推荐！,1,正面,20,书包颜色很棒，价格也合理，好评。，推荐！
用了没几天充电宝的包装就出问题了，差评。！建议大家参考。,0,负面,28,用了没几天充电宝的包装就出问题了，差评。！建议大家参考。
这个价钱买到这么好的鞋子，材质还这么好，太值了。,1,正面,24,这个价钱买到这么好的鞋子，材质还这么好，太值了。
水杯的价格超出预期，值得购买。！,1,正面,16,水杯的价格超出预期，值得购买。！
这个书包的功能不错，推荐给大家。！,1,正面,17,这个书包的功能不错，推荐给大家。！
买回来用了几天，鞋子的客服确实好。。,1,正面,18,买回来用了几天，鞋子的客服确实好。。
性价比很高的鞋子，功能没让我失望。，推荐！,1,正面,21,性价比很高的鞋子，功能没让我失望。，推荐！
手表的外观很好，物流也快，五星好评。，推荐！,1,正面,22,手表的外观很好，物流也快，五星好评。，推荐！
被图片骗了，实际耳机的做工很差，不值这个价。,0,负面,22,被图片骗了，实际耳机的做工很差，不值这个价。
被图片骗了，实际电脑的客服很差，不值这个价。，推荐！,0,负面,26,被图片骗了，实际电脑的客服很差，不值这个价。，推荐！
这个耳机的质量真的不行，不如实体店买。,0,负面,19,这个耳机的质量真的不行，不如实体店买。
对比了好几家才选的这家，充电宝的功能确实好。。,1,正面,23,对比了好几家才选的这家，充电宝的功能确实好。。
这个水杯的做工超出了我的预期，很惊喜。,1,正面,19,这个水杯的做工超出了我的预期，很惊喜。
太坑了，衣服的材质和描述完全不一样。！,0,负面,19,太坑了，衣服的材质和描述完全不一样。！
台灯的功能超出预期，值得购买。，不推荐！,1,正面,20,台灯的功能超出预期，值得购买。，不推荐！
物流慢也就算了，水杯的质量还这么差，差评。！建议大家参考。,0,负面,29,物流慢也就算了，水杯的质量还这么差，差评。！建议大家参考。
收到水杯了，颜色比想象中好，颜色也好看。！,1,正面,21,收到水杯了，颜色比想象中好，颜色也好看。！
太坑了，手表的尺寸和描述完全不一样。,0,负面,18,太坑了，手表的尺寸和描述完全不一样。
买回来用了几天，充电宝的颜色确实好。，不推荐！,1,正面,23,买回来用了几天，充电宝的颜色确实好。，不推荐！
对比了好几家才选的这家，衣服的功能确实好。,1,正面,21,对比了好几家才选的这家，衣服的功能确实好。
收到水杯了，功能很差，申请退货中。！,0,负面,18,收到水杯了，功能很差，申请退货中。！
这个电脑的颜色超出了我的预期，很惊喜。，推荐！,1,正面,23,这个电脑的颜色超出了我的预期，很惊喜。，推荐！
好评！手机的颜色很好，客服态度也好。，推荐！,1,正面,22,好评！手机的颜色很好，客服态度也好。，推荐！
充电宝做工很差，根本不值这个价。,0,负面,16,充电宝做工很差，根本不值这个价。
客服态度差，水杯的质量也有问题，体验很差。,0,负面,21,客服态度差，水杯的质量也有问题，体验很差。
收到充电宝了，功能很差，申请退货中。,0,负面,18,收到充电宝了，功能很差，申请退货中。
再也不在这家买了，电脑的价格太让人失望了。,0,负面,21,再也不在这家买了，电脑的价格太让人失望了。
充电宝颜色很好，很满意！,1,正面,12,充电宝颜色很好，很满意！
好评！充电宝的价格很好，客服态度也好。！建议大家参考。,1,正面,27,好评！充电宝的价格很好，客服态度也好。！建议大家参考。
这个耳机的质量不行，建议大家别买。，推荐！,0,负面,21,这个耳机的质量不行，建议大家别买。，推荐！
这个台灯的功能很差，和图片上的完全不一样。，推荐！,0,负面,25,这个台灯的功能很差，和图片上的完全不一样。，推荐！
这个水杯的客服很差，和图片上的完全不一样。，不推荐！,0,负面,26,这个水杯的客服很差，和图片上的完全不一样。，不推荐！
用了没几天耳机的材质就出问题了，差评。,0,负面,19,用了没几天耳机的材质就出问题了，差评。
好评！充电宝的颜色很好，客服态度也好。,1,正面,19,好评！充电宝的颜色很好，客服态度也好。
书包的客服超出预期，值得购买。，不推荐！,1,正面,20,书包的客服超出预期，值得购买。，不推荐！
第二次回购了，耳机的物流一如既往的好。,1,正面,19,第二次回购了，耳机的物流一如既往的好。
再也不在这家买了，耳机的客服太让人失望了。，推荐！,0,负面,25,再也不在这家买了，耳机的客服太让人失望了。，推荐！
台灯包装很差，根本不值这个价。，不推荐！,0,负面,20,台灯包装很差，根本不值这个价。，不推荐！
太坑了，充电宝的价格和描述完全不一样。！,0,负面,20,太坑了，充电宝的价格和描述完全不一样。！
耳机的物流超出预期，值得购买。,1,正面,15,耳机的物流超出预期，值得购买。
收到衣服了，材质比想象中好，颜色也好看。，推荐！,1,正面,24,收到衣服了，材质比想象中好，颜色也好看。，推荐！
手表的物流超出预期，值得购买。，推荐！,1,正面,19,手表的物流超出预期，值得购买。，推荐！
客服态度差，书包的做工也有问题，体验很差。！,0,负面,22,客服态度差，书包的做工也有问题，体验很差。！
这个台灯的材质超出了我的预期，很惊喜。,1,正面,19,这个台灯的材质超出了我的预期，很惊喜。
水杯的功能真的是太差了，一次糟糕的购物体验。,0,负面,22,水杯的功能真的是太差了，一次糟糕的购物体验。
台灯的物流很好，做工精细，很喜欢。,1,正面,17,台灯的物流很好，做工精细，很喜欢。
台灯的材质太差了，非常后悔。,0,负面,14,台灯的材质太差了，非常后悔。
这个价钱买到这么好的衣服，做工还这么好，太值了。,1,正面,24,这个价钱买到这么好的衣服，做工还这么好，太值了。
电脑材质很好，很满意！,1,正面,11,电脑材质很好，很满意！
物流慢也就算了，鞋子的物流还这么差，差评。！建议大家参考。,0,负面,29,物流慢也就算了，鞋子的物流还这么差，差评。！建议大家参考。
好评！手表的颜色很好，客服态度也好。！,1,正面,19,好评！手表的颜色很好，客服态度也好。！
给家人买的手表，他们说做工很好。,1,正面,16,给家人买的手表，他们说做工很好。
物流慢也就算了，充电宝的客服还这么差，差评。！建议大家参考。,0,负面,30,物流慢也就算了，充电宝的客服还这么差，差评。！建议大家参考。
买回来用了几天，衣服的做工确实好。,1,正面,17,买回来用了几天，衣服的做工确实好。
对比了好几家才选的这家，水杯的外观确实好。,1,正面,21,对比了好几家才选的这家，水杯的外观确实好。
买回来就发现手表的做工有问题，很失望。。,0,负面,20,买回来就发现手表的做工有问题，很失望。。
台灯的价格很好，做工精细，很喜欢。,1,正面,17,台灯的价格很好，做工精细，很喜欢。
给家人买的手表，他们说包装很好。,1,正面,16,给家人买的手表，他们说包装很好。
这个鞋子的功能不行，建议大家别买。,0,负面,17,这个鞋子的功能不行，建议大家别买。
退货了，书包的尺寸完全不能用，浪费时间。！建议大家参考。,0,负面,28,退货了，书包的尺寸完全不能用，浪费时间。！建议大家参考。
好评！充电宝的包装很好，客服态度也好。！建议大家参考。,1,正面,27,好评！充电宝的包装很好，客服态度也好。！建议大家参考。
这个手表的颜色很差，和图片上的完全不一样。,0,负面,21,这个手表的颜色很差，和图片上的完全不一样。
手表客服很棒，价格也合理，好评。,1,正面,16,手表客服很棒，价格也合理，好评。
水杯的物流很好，物流也快，五星好评。,1,正面,18,水杯的物流很好，物流也快，五星好评。
买回来用了几天，衣服的材质确实好。,1,正面,17,买回来用了几天，衣服的材质确实好。
性价比很高的手表，颜色没让我失望。,1,正面,17,性价比很高的手表，颜色没让我失望。
太坑了，水杯的包装和描述完全不一样。。,0,负面,19,太坑了，水杯的包装和描述完全不一样。。
手表功能很差，根本不值这个价。！建议大家参考。,0,负面,23,手表功能很差，根本不值这个价。！建议大家参考。
太坑了，水杯的做工和描述完全不一样。,0,负面,18,太坑了，水杯的做工和描述完全不一样。
耳机的物流太差了，非常后悔。,0,负面,14,耳机的物流太差了，非常后悔。
水杯的质量很好，做工精细，很喜欢。。,1,正面,18,水杯的质量很好，做工精细，很喜欢。。
这个手机的外观超出了我的预期，很惊喜。。,1,正面,20,这个手机的外观超出了我的预期，很惊喜。。
用了没几天手机的价格就出问题了，差评。，推荐！,0,负面,23,用了没几天手机的价格就出问题了，差评。，推荐！
手表的材质真的是太差了，一次糟糕的购物体验。,0,负面,22,手表的材质真的是太差了，一次糟糕的购物体验。
手机的外观很好，物流也快，五星好评。,1,正面,18,手机的外观很好，物流也快，五星好评。
第二次回购了，鞋子的价格一如既往的好。,1,正面,19,第二次回购了，鞋子的价格一如既往的好。
客服态度差，台灯的价格也有问题，体验很差。,0,负面,21,客服态度差，台灯的价格也有问题，体验很差。
对比了好几家才选的这家，鞋子的颜色确实好。,1,正面,21,对比了好几家才选的这家，鞋子的颜色确实好。
这个水杯的外观超出了我的预期，很惊喜。,1,正面,19,这个水杯的外观超出了我的预期，很惊喜。
